verify-fdge — cumplimiento mecánico de la Methodology Suite 13.2.0

PASA
  ✓ SUITE-R08      REGISTRY.json presente y coherente.
  ✓ FND-R05        11-Conventions.md declara 7 Hard Rules.
  ✓ FND-R08        Foundation presente (archivos del núcleo verificados).
  ✓ SUITE-R15      CORE.md presente y sincronizado.
  ✓ SUITE-R06      Toda integración registrada lleva nombre humano.
  ✓ SUITE-R09      6 ledger(s) sin líneas perdidas desde v13.1.0.
  ✓ EXEC-R04       3 merge(s) a «main» desde v13.1.0, todos con constancia.
  ✓ FND-R14        las 16 cifras de inventory/services.md coinciden con el árbol.
  ✓ FDGE-R48       Sin implementación abierta.
  ✓ SUITE-R33      Bloque ESTADO completo.
  ✓ SUITE-R34      El estado es más reciente que el último trabajo.
  ✓ SUITE-R34      El bloque ESTADO no contradice al registro. Se lee el SUJETO de cada linea —el primer identificador—: NO evalua los demas identificadores que la linea mencione, porque nombrar una tarea cerrada PARA DECIR que lo esta es correcto.
  ✓ LEX-R26        CHECKPOINT.json: PT-158 en PHASE 2, sobre un commit alcanzable y con el arbol correspondiente.
  ✓ SUITE-R27      Toda firma corresponde a un firmante declarado (Alberto Martínez).
  ✓ FND-R22        Plan de terreno resuelto y firmado.
  ✓ FND-R24        Declaración de Valor firmada por Alberto Martínez.
  ✓ SUITE-R30      INSTALL.log con 28 acción(es) registrada(s), todas las decisiones con rastro.
  ✓ FND-R13        Línea base de reconciliación completa.
  ✓ FDGE-R39       ningún artefacto de PT vive en una ruta global.
  ✓ SUITE-R62      «npm run verify» y CI corren los mismos 9 pasos.
  ✓ INTAKE-R09     EP-001: intake del lote completo.
  ✓ INTAKE-R09     EP-002: intake del lote completo.
  ✓ INTAKE-R09     EP-003: intake del lote completo.
  ✓ INTAKE-R09     EP-004: intake del lote completo.
  ✓ INTAKE-R09     EP-005: intake del lote completo.
  ✓ INTAKE-R09     EP-006: intake del lote completo.
  ✓ INTAKE-R09     EP-007: intake del lote completo.
  ✓ INTAKE-R09     EP-008: intake del lote completo.
  ✓ INTAKE-R09     EP-009: intake del lote completo.
  ✓ INTAKE-R09     EP-010: intake del lote completo.
  ✓ INTAKE-R09     EP-011: intake del lote completo.
  ✓ INTAKE-R09     EP-012: intake del lote completo.
  ✓ INTAKE-R09     EP-013: intake del lote completo.
  ✓ INTAKE-R09     EP-014: intake del lote completo.
  ✓ INTAKE-R09     EP-015: intake del lote completo.
  ✓ INTAKE-R09     EP-016: intake del lote completo.
  ✓ INTAKE-R09     EP-017: intake del lote completo.
  ✓ INTAKE-R09     EP-018: intake del lote completo.
  ✓ INTAKE-R09     EP-019: intake del lote completo.
  ✓ INTAKE-R09     EP-020: intake del lote completo.
  ✓ INTAKE-R09     EP-021: intake del lote completo.
  ✓ INTAKE-R09     EP-022: intake del lote completo.
  ✓ INTAKE-R09     EP-023: intake del lote completo.
  ✓ INTAKE-R09     EP-024: intake del lote completo.
  ✓ INTAKE-R09     EP-025: intake del lote completo.
  ✓ SUITE-R44      5 aplazado(s) con revision declarada y al dia.
  ✓ SUITE-R56      17 herramienta(s): ningun manejador de error referencia un identificador fuera de ambito.
  ✓ FDGE-R19       los nombres de rama coinciden con los que deriva el registro.
  ✓ INTAKE-R08     PT-001: firmado por lote EP-001.
  ✓ FDGE-R51       PT-001: intake ligero · firma, veredicto y severidad heredados del lote.
  ✓ FDGE-R19       topologia: 4 rama(s), todas encajan en los cuatro tipos.
  ✓ FDGE-R45       PT-001: evidencia e intake sin patrones de secreto conocidos.
  ✓ FDGE-R25       PT-001: self-review completo.
  ✓ FDGE-R29       PT-001: registrado en HISTORY.log.
  ✓ FDGE-R44       PT-001: declara «Estructural: no».
  ✓ FDGE-R31       PT-001: presente en DISCOVERY.md con estado canónico.
  ✓ FDGE-R34       PT-001: sin errores de cumplimiento.
  ✓ INTAKE-R08     PT-002: firmado por lote EP-001.
  ✓ FDGE-R51       PT-002: intake ligero · firma, veredicto y severidad heredados del lote.
  ✓ FDGE-R45       PT-002: evidencia e intake sin patrones de secreto conocidos.
  ✓ FDGE-R25       PT-002: self-review completo.
  ✓ FDGE-R29       PT-002: registrado en HISTORY.log.
  ✓ FDGE-R44       PT-002: declara «Estructural: no».
  ✓ FDGE-R31       PT-002: presente en DISCOVERY.md con estado canónico.
  ✓ FDGE-R34       PT-002: sin errores de cumplimiento.
  ✓ INTAKE-R08     PT-004: firmado por lote EP-001.
  ✓ FDGE-R51       PT-004: intake ligero · firma, veredicto y severidad heredados del lote.
  ✓ FDGE-R45       PT-004: evidencia e intake sin patrones de secreto conocidos.
  ✓ FDGE-R25       PT-004: self-review completo.
  ✓ FDGE-R29       PT-004: registrado en HISTORY.log.
  ✓ FDGE-R44       PT-004: declara «Estructural: no».
  ✓ FDGE-R31       PT-004: presente en DISCOVERY.md con estado canónico.
  ✓ FDGE-R34       PT-004: sin errores de cumplimiento.
  ✓ INTAKE-R08     PT-005: firmado por lote EP-001.
  ✓ FDGE-R51       PT-005: intake ligero · firma, veredicto y severidad heredados del lote.
  ✓ FDGE-R45       PT-005: evidencia e intake sin patrones de secreto conocidos.
  ✓ FDGE-R25       PT-005: self-review completo.
  ✓ FDGE-R29       PT-005: registrado en HISTORY.log.
  ✓ FDGE-R44       PT-005: declara «Estructural: no».
  ✓ FDGE-R31       PT-005: presente en DISCOVERY.md con estado canónico.
  ✓ FDGE-R34       PT-005: sin errores de cumplimiento.
  ✓ INTAKE-R08     PT-006: firmado por lote EP-002.
  ✓ FDGE-R51       PT-006: intake ligero · firma, veredicto y severidad heredados del lote.
  ✓ FDGE-R45       PT-006: evidencia e intake sin patrones de secreto conocidos.
  ✓ FDGE-R25       PT-006: self-review completo.
  ✓ FDGE-R29       PT-006: registrado en HISTORY.log.
  ✓ FDGE-R44       PT-006: declara «Estructural: no».
  ✓ FDGE-R31       PT-006: presente en REFACTOR_SCOPE.md con estado canónico.
  ✓ FDGE-R34       PT-006: sin errores de cumplimiento.
  ✓ INTAKE-R08     PT-007: firmado por lote EP-002.
  ✓ FDGE-R51       PT-007: intake ligero · firma, veredicto y severidad heredados del lote.
  ✓ FDGE-R45       PT-007: evidencia e intake sin patrones de secreto conocidos.
  ✓ FDGE-R25       PT-007: self-review completo.
  ✓ FDGE-R29       PT-007: registrado en HISTORY.log.
  ✓ FDGE-R44       PT-007: declara «Estructural: no».
  ✓ FDGE-R31       PT-007: presente en ENRICHMENT.md con estado canónico.
  ✓ FDGE-R34       PT-007: sin errores de cumplimiento.
  ✓ INTAKE-R08     PT-008: firmado por lote EP-002.
  ✓ FDGE-R51       PT-008: intake ligero · firma, veredicto y severidad heredados del lote.
  ✓ SUITE-R43      PT-008: sin comentarios pendientes en el issue #12.
  ✓ FDGE-R45       PT-008: evidencia e intake sin patrones de secreto conocidos.
  ✓ FDGE-R25       PT-008: self-review completo.
  ✓ FDGE-R29       PT-008: registrado en HISTORY.log.
  ✓ FDGE-R44       PT-008: declara «Estructural: no».
  ✓ FDGE-R31       PT-008: presente en ENRICHMENT.md con estado canónico.
  ✓ FDGE-R34       PT-008: sin errores de cumplimiento.
  ✓ INTAKE-R08     PT-009: firmado por lote EP-003.
  ✓ FDGE-R51       PT-009: intake ligero · firma, veredicto y severidad heredados del lote.
  ✓ SUITE-R43      PT-009: sin comentarios pendientes en el issue #14.
  ✓ FDGE-R45       PT-009: evidencia e intake sin patrones de secreto conocidos.
  ✓ FDGE-R25       PT-009: self-review completo.
  ✓ FDGE-R29       PT-009: registrado en HISTORY.log.
  ✓ FDGE-R44       PT-009: declara «Estructural: no».
  ✓ FDGE-R31       PT-009: presente en DISCOVERY.md con estado canónico.
  ✓ FDGE-R34       PT-009: sin errores de cumplimiento.
  ✓ INTAKE-R08     PT-010: firmado por lote EP-003.
  ✓ FDGE-R51       PT-010: intake ligero · firma, veredicto y severidad heredados del lote.
  ✓ SUITE-R43      PT-010: sin comentarios pendientes en el issue #15.
  ✓ FDGE-R45       PT-010: evidencia e intake sin patrones de secreto conocidos.
  ✓ FDGE-R25       PT-010: self-review completo.
  ✓ FDGE-R29       PT-010: registrado en HISTORY.log.
  ✓ FDGE-R44       PT-010: declara «Estructural: no».
  ✓ FDGE-R31       PT-010: presente en DISCOVERY.md con estado canónico.
  ✓ FDGE-R34       PT-010: sin errores de cumplimiento.
  ✓ INTAKE-R08     PT-011: firmado por lote EP-004.
  ✓ FDGE-R51       PT-011: intake ligero · firma, veredicto y severidad heredados del lote.
  ✓ SUITE-R43      PT-011: sin comentarios pendientes en el issue #18.
  ✓ FDGE-R45       PT-011: evidencia e intake sin patrones de secreto conocidos.
  ✓ FDGE-R25       PT-011: self-review completo.
  ✓ FDGE-R29       PT-011: registrado en HISTORY.log.
  ✓ FDGE-R44       PT-011: declara «Estructural: no».
  ✓ FDGE-R31       PT-011: presente en DISCOVERY.md con estado canónico.
  ✓ FDGE-R34       PT-011: sin errores de cumplimiento.
  ✓ INTAKE-R08     PT-012: firmado por lote EP-004.
  ✓ FDGE-R51       PT-012: intake ligero · firma, veredicto y severidad heredados del lote.
  ✓ SUITE-R43      PT-012: sin comentarios pendientes en el issue #19.
  ✓ FDGE-R45       PT-012: evidencia e intake sin patrones de secreto conocidos.
  ✓ FDGE-R25       PT-012: self-review completo.
  ✓ FDGE-R29       PT-012: registrado en HISTORY.log.
  ✓ FDGE-R44       PT-012: declara «Estructural: no».
  ✓ FDGE-R31       PT-012: presente en DISCOVERY.md con estado canónico.
  ✓ FDGE-R34       PT-012: sin errores de cumplimiento.
  ✓ INTAKE-R08     PT-013: firmado por lote EP-004.
  ✓ FDGE-R51       PT-013: intake ligero · firma, veredicto y severidad heredados del lote.
  ✓ SUITE-R43      PT-013: sin comentarios pendientes en el issue #20.
  ✓ FDGE-R45       PT-013: evidencia e intake sin patrones de secreto conocidos.
  ✓ FDGE-R25       PT-013: self-review completo.
  ✓ FDGE-R29       PT-013: registrado en HISTORY.log.
  ✓ FDGE-R44       PT-013: declara «Estructural: no».
  ✓ FDGE-R31       PT-013: presente en DISCOVERY.md con estado canónico.
  ✓ FDGE-R34       PT-013: sin errores de cumplimiento.
  ✓ INTAKE-R08     PT-014: firmado por lote EP-004.
  ✓ FDGE-R51       PT-014: intake ligero · firma, veredicto y severidad heredados del lote.
  ✓ SUITE-R43      PT-014: sin comentarios pendientes en el issue #21.
  ✓ FDGE-R45       PT-014: evidencia e intake sin patrones de secreto conocidos.
  ✓ FDGE-R25       PT-014: self-review completo.
  ✓ FDGE-R29       PT-014: registrado en HISTORY.log.
  ✓ FDGE-R44       PT-014: declara «Estructural: no».
  ✓ FDGE-R31       PT-014: presente en DISCOVERY.md con estado canónico.
  ✓ FDGE-R34       PT-014: sin errores de cumplimiento.
  ✓ INTAKE-R08     PT-015: firmado por lote EP-013.
  ✓ FDGE-R51       PT-015: intake ligero · firma, veredicto y severidad heredados del lote.
  ✓ FDGE-R19       PT-015: rama «chore/PT-015-verificadores-para-las-hard-sin-uno» declarada.
  ✓ SUITE-R43      PT-015: sin comentarios pendientes en el issue #22.
  ✓ FDGE-R45       PT-015: evidencia e intake sin patrones de secreto conocidos.
  ✓ FDGE-R25       PT-015: self-review completo.
  ✓ FDGE-R29       PT-015: registrado en HISTORY.log (con 1 corrección(es)).
  ✓ FDGE-R44       PT-015: declara «Estructural: no» en su corrección.
  ✓ FDGE-R31       PT-015: presente en REFACTOR_SCOPE.md con estado canónico.
  ✓ FDGE-R34       PT-015: sin errores de cumplimiento.
  ✓ INTAKE-R08     PT-016: firmado por lote EP-013.
  ✓ FDGE-R51       PT-016: intake ligero · firma, veredicto y severidad heredados del lote.
  ✓ FDGE-R19       PT-016: rama «chore/PT-016-phase-obligatoria» declarada.
  ✓ SUITE-R43      PT-016: sin comentarios pendientes en el issue #23.
  ✓ FDGE-R45       PT-016: evidencia e intake sin patrones de secreto conocidos.
  ✓ FDGE-R25       PT-016: self-review completo.
  ✓ FDGE-R29       PT-016: registrado en HISTORY.log.
  ✓ FDGE-R44       PT-016: declara «Estructural: no».
  ✓ FDGE-R31       PT-016: presente en REFACTOR_SCOPE.md con estado canónico.
  ✓ FDGE-R34       PT-016: sin errores de cumplimiento.
  ✓ INTAKE-R08     PT-017: firmado por lote EP-013.
  ✓ FDGE-R51       PT-017: intake ligero · firma, veredicto y severidad heredados del lote.
  ✓ FDGE-R19       PT-017: rama «chore/PT-017-derivar-lo-que-llega-nuevo» declarada.
  ✓ SUITE-R43      PT-017: sin comentarios pendientes en el issue #24.
  ✓ FDGE-R45       PT-017: evidencia e intake sin patrones de secreto conocidos.
  ✓ FDGE-R25       PT-017: self-review completo.
  ✓ FDGE-R29       PT-017: registrado en HISTORY.log.
  ✓ FDGE-R44       PT-017: declara «Estructural: no».
  ✓ FDGE-R31       PT-017: presente en REFACTOR_SCOPE.md con estado canónico.
  ✓ FDGE-R34       PT-017: sin errores de cumplimiento.
  ✓ INTAKE-R08     PT-018: firmado por lote EP-004.
  ✓ FDGE-R51       PT-018: intake ligero · firma, veredicto y severidad heredados del lote.
  ✓ SUITE-R43      PT-018: sin comentarios pendientes en el issue #25.
  ✓ FDGE-R45       PT-018: evidencia e intake sin patrones de secreto conocidos.
  ✓ FDGE-R25       PT-018: self-review completo.
  ✓ FDGE-R29       PT-018: registrado en HISTORY.log.
  ✓ FDGE-R44       PT-018: declara «Estructural: no».
  ✓ FDGE-R31       PT-018: presente en DISCOVERY.md con estado canónico.
  ✓ FDGE-R34       PT-018: sin errores de cumplimiento.
  ✓ INTAKE-R08     PT-019: firmado por lote EP-017.
  ✓ FDGE-R51       PT-019: intake ligero · firma, veredicto y severidad heredados del lote.
  ✓ SUITE-R43      PT-019: sin comentarios pendientes en el issue #26.
  ✓ FDGE-R45       PT-019: evidencia e intake sin patrones de secreto conocidos.
  ✓ FDGE-R25       PT-019: self-review completo.
  ✓ FDGE-R29       PT-019: registrado en HISTORY.log.
  ✓ FDGE-R44       PT-019: declara «Estructural: no».
  ✓ FDGE-R31       PT-019: presente en REFACTOR_SCOPE.md con estado canónico.
  ✓ FDGE-R34       PT-019: sin errores de cumplimiento.
  ✓ INTAKE-R08     PT-020: firmado por lote EP-013.
  ✓ FDGE-R51       PT-020: intake ligero · firma, veredicto y severidad heredados del lote.
  ✓ FDGE-R19       PT-020: rama «chore/PT-020-ampliar-el-grafo-a-tools» declarada.
  ✓ SUITE-R43      PT-020: sin comentarios pendientes en el issue #27.
  ✓ FDGE-R45       PT-020: evidencia e intake sin patrones de secreto conocidos.
  ✓ FDGE-R25       PT-020: self-review completo.
  ✓ FDGE-R29       PT-020: registrado en HISTORY.log.
  ✓ FDGE-R44       PT-020: declara «Estructural: no».
  ✓ FDGE-R31       PT-020: presente en REFACTOR_SCOPE.md con estado canónico.
  ✓ FDGE-R34       PT-020: sin errores de cumplimiento.
  ✓ INTAKE-R08     PT-021: firmado por lote EP-005.
  ✓ FDGE-R51       PT-021: intake ligero · firma, veredicto y severidad heredados del lote.
  ✓ SUITE-R43      PT-021: sin comentarios pendientes en el issue #29.
  ✓ FDGE-R45       PT-021: evidencia e intake sin patrones de secreto conocidos.
  ✓ FDGE-R25       PT-021: self-review completo.
  ✓ FDGE-R29       PT-021: registrado en HISTORY.log.
  ✓ FDGE-R44       PT-021: declara «Estructural: no».
  ✓ FDGE-R31       PT-021: presente en DISCOVERY.md con estado canónico.
  ✓ FDGE-R34       PT-021: sin errores de cumplimiento.
  ✓ INTAKE-R08     PT-022: firmado por lote EP-005.
  ✓ FDGE-R51       PT-022: intake ligero · firma, veredicto y severidad heredados del lote.
  ✓ SUITE-R43      PT-022: sin comentarios pendientes en el issue #30.
  ✓ FDGE-R45       PT-022: evidencia e intake sin patrones de secreto conocidos.
  ✓ FDGE-R25       PT-022: self-review completo.
  ✓ FDGE-R29       PT-022: registrado en HISTORY.log.
  ✓ FDGE-R44       PT-022: declara «Estructural: no».
  ✓ FDGE-R31       PT-022: presente en DISCOVERY.md con estado canónico.
  ✓ FDGE-R34       PT-022: sin errores de cumplimiento.
  ✓ INTAKE-R08     PT-023: firmado por lote EP-013.
  ✓ FDGE-R51       PT-023: intake ligero · firma, veredicto y severidad heredados del lote.
  ✓ FDGE-R19       PT-023: rama «chore/PT-023-auditar-los-cambios-de-especificacion-declarados» declarada.
  ✓ SUITE-R43      PT-023: sin comentarios pendientes en el issue #32.
  ✓ FDGE-R45       PT-023: evidencia e intake sin patrones de secreto conocidos.
  ✓ FDGE-R25       PT-023: self-review completo.
  ✓ FDGE-R29       PT-023: registrado en HISTORY.log.
  ✓ FDGE-R44       PT-023: declara «Estructural: no».
  ✓ FDGE-R31       PT-023: presente en REFACTOR_SCOPE.md con estado canónico.
  ✓ FDGE-R34       PT-023: sin errores de cumplimiento.
  ✓ INTAKE-R08     PT-024: firmado por lote EP-006.
  ✓ FDGE-R51       PT-024: intake ligero · firma, veredicto y severidad heredados del lote.
  ✓ SUITE-R43      PT-024: sin comentarios pendientes en el issue #33.
  ✓ FDGE-R45       PT-024: evidencia e intake sin patrones de secreto conocidos.
  ✓ FDGE-R25       PT-024: self-review completo.
  ✓ FDGE-R29       PT-024: registrado en HISTORY.log.
  ✓ FDGE-R44       PT-024: declara «Estructural: no».
  ✓ FDGE-R31       PT-024: presente en DISCOVERY.md con estado canónico.
  ✓ FDGE-R34       PT-024: sin errores de cumplimiento.
  ✓ INTAKE-R08     PT-026: firmado por lote EP-006.
  ✓ FDGE-R51       PT-026: intake ligero · firma, veredicto y severidad heredados del lote.
  ✓ SUITE-R43      PT-026: sin comentarios pendientes en el issue #36.
  ✓ FDGE-R45       PT-026: evidencia e intake sin patrones de secreto conocidos.
  ✓ FDGE-R25       PT-026: self-review completo.
  ✓ FDGE-R29       PT-026: registrado en HISTORY.log.
  ✓ FDGE-R44       PT-026: declara «Estructural: no».
  ✓ FDGE-R31       PT-026: presente en DISCOVERY.md con estado canónico.
  ✓ FDGE-R34       PT-026: sin errores de cumplimiento.
  ✓ INTAKE-R08     PT-028: firmado por lote EP-006.
  ✓ FDGE-R51       PT-028: intake ligero · firma, veredicto y severidad heredados del lote.
  ✓ SUITE-R43      PT-028: sin comentarios pendientes en el issue #39.
  ✓ FDGE-R45       PT-028: evidencia e intake sin patrones de secreto conocidos.
  ✓ FDGE-R25       PT-028: self-review completo.
  ✓ FDGE-R29       PT-028: registrado en HISTORY.log.
  ✓ FDGE-R44       PT-028: declara «Estructural: no».
  ✓ FDGE-R31       PT-028: presente en DISCOVERY.md con estado canónico.
  ✓ FDGE-R34       PT-028: sin errores de cumplimiento.
  ✓ INTAKE-R08     PT-029: firmado por lote EP-013.
  ✓ FDGE-R51       PT-029: intake ligero · firma, veredicto y severidad heredados del lote.
  ✓ FDGE-R19       PT-029: rama «chore/PT-029-detectar-reglas-que-se-hacen-imposibles-entre-si» declarada.
  ✓ SUITE-R43      PT-029: sin comentarios pendientes en el issue #40.
  ✓ FDGE-R45       PT-029: evidencia e intake sin patrones de secreto conocidos.
  ✓ FDGE-R25       PT-029: self-review completo.
  ✓ FDGE-R29       PT-029: registrado en HISTORY.log.
  ✓ FDGE-R44       PT-029: declara «Estructural: no».
  ✓ FDGE-R31       PT-029: presente en REFACTOR_SCOPE.md con estado canónico.
  ✓ FDGE-R34       PT-029: sin errores de cumplimiento.
  ✓ INTAKE-R08     PT-030: firmado por lote EP-007.
  ✓ FDGE-R51       PT-030: intake ligero · firma, veredicto y severidad heredados del lote.
  ✓ SUITE-R43      PT-030: sin comentarios pendientes en el issue #43.
  ✓ FDGE-R45       PT-030: evidencia e intake sin patrones de secreto conocidos.
  ✓ FDGE-R25       PT-030: self-review completo.
  ✓ FDGE-R29       PT-030: registrado en HISTORY.log.
  ✓ FDGE-R44       PT-030: declara «Estructural: no».
  ✓ FDGE-R31       PT-030: presente en ENRICHMENT.md con estado canónico.
  ✓ FDGE-R34       PT-030: sin errores de cumplimiento.
  ✓ INTAKE-R08     PT-031: firmado por lote EP-007.
  ✓ FDGE-R51       PT-031: intake ligero · firma, veredicto y severidad heredados del lote.
  ✓ SUITE-R43      PT-031: sin comentarios pendientes en el issue #44.
  ✓ FDGE-R45       PT-031: evidencia e intake sin patrones de secreto conocidos.
  ✓ FDGE-R25       PT-031: self-review completo.
  ✓ FDGE-R29       PT-031: registrado en HISTORY.log.
  ✓ FDGE-R44       PT-031: declara «Estructural: no».
  ✓ FDGE-R31       PT-031: presente en DISCOVERY.md con estado canónico.
  ✓ FDGE-R34       PT-031: sin errores de cumplimiento.
  ✓ INTAKE-R08     PT-033: firmado por lote EP-008.
  ✓ FDGE-R51       PT-033: intake ligero · firma, veredicto y severidad heredados del lote.
  ✓ SUITE-R43      PT-033: sin comentarios pendientes en el issue #46.
  ✓ FDGE-R45       PT-033: evidencia e intake sin patrones de secreto conocidos.
  ✓ FDGE-R25       PT-033: self-review completo.
  ✓ FDGE-R29       PT-033: registrado en HISTORY.log.
  ✓ FDGE-R44       PT-033: declara «Estructural: no».
  ✓ FDGE-R31       PT-033: presente en ENRICHMENT.md con estado canónico.
  ✓ FDGE-R34       PT-033: sin errores de cumplimiento.
  ✓ INTAKE-R08     PT-034: firmado por lote EP-008.
  ✓ FDGE-R51       PT-034: intake ligero · firma, veredicto y severidad heredados del lote.
  ✓ SUITE-R43      PT-034: sin comentarios pendientes en el issue #47.
  ✓ FDGE-R45       PT-034: evidencia e intake sin patrones de secreto conocidos.
  ✓ FDGE-R25       PT-034: self-review completo.
  ✓ FDGE-R29       PT-034: registrado en HISTORY.log.
  ✓ FDGE-R44       PT-034: declara «Estructural: sí».
  ✓ FDGE-R31       PT-034: presente en ENRICHMENT.md con estado canónico.
  ✓ FDGE-R34       PT-034: sin errores de cumplimiento.
  ✓ INTAKE-R08     PT-035: firmado por lote EP-009.
  ✓ FDGE-R51       PT-035: intake ligero · firma, veredicto y severidad heredados del lote.
  ✓ SUITE-R43      PT-035: sin comentarios pendientes en el issue #51.
  ✓ FDGE-R45       PT-035: evidencia e intake sin patrones de secreto conocidos.
  ✓ FDGE-R25       PT-035: self-review completo.
  ✓ FDGE-R29       PT-035: registrado en HISTORY.log.
  ✓ FDGE-R44       PT-035: declara «Estructural: no».
  ✓ FDGE-R31       PT-035: presente en DISCOVERY.md con estado canónico.
  ✓ FDGE-R34       PT-035: sin errores de cumplimiento.
  ✓ INTAKE-R08     PT-036: firmado por lote EP-009.
  ✓ FDGE-R51       PT-036: intake ligero · firma, veredicto y severidad heredados del lote.
  ✓ SUITE-R43      PT-036: sin comentarios pendientes en el issue #54.
  ✓ FDGE-R45       PT-036: evidencia e intake sin patrones de secreto conocidos.
  ✓ FDGE-R25       PT-036: self-review completo.
  ✓ FDGE-R29       PT-036: registrado en HISTORY.log.
  ✓ FDGE-R44       PT-036: declara «Estructural: no».
  ✓ FDGE-R31       PT-036: presente en DISCOVERY.md con estado canónico.
  ✓ FDGE-R34       PT-036: sin errores de cumplimiento.
  ✓ INTAKE-R08     PT-037: firmado por lote EP-010.
  ✓ FDGE-R51       PT-037: intake ligero · firma, veredicto y severidad heredados del lote.
  ✓ SUITE-R43      PT-037: sin comentarios pendientes en el issue #56.
  ✓ FDGE-R45       PT-037: evidencia e intake sin patrones de secreto conocidos.
  ✓ FDGE-R25       PT-037: self-review completo.
  ✓ FDGE-R29       PT-037: registrado en HISTORY.log.
  ✓ FDGE-R44       PT-037: declara «Estructural: no».
  ✓ FDGE-R31       PT-037: presente en ENRICHMENT.md con estado canónico.
  ✓ FDGE-R34       PT-037: sin errores de cumplimiento.
  ✓ INTAKE-R08     PT-038: firmado por lote EP-010.
  ✓ FDGE-R51       PT-038: intake ligero · firma, veredicto y severidad heredados del lote.
  ✓ SUITE-R43      PT-038: sin comentarios pendientes en el issue #57.
  ✓ FDGE-R45       PT-038: evidencia e intake sin patrones de secreto conocidos.
  ✓ FDGE-R25       PT-038: self-review completo.
  ✓ FDGE-R29       PT-038: registrado en HISTORY.log.
  ✓ FDGE-R44       PT-038: declara «Estructural: no».
  ✓ FDGE-R31       PT-038: presente en ENRICHMENT.md con estado canónico.
  ✓ FDGE-R34       PT-038: sin errores de cumplimiento.
  ✓ INTAKE-R08     PT-039: firmado por lote EP-011.
  ✓ FDGE-R51       PT-039: intake ligero · firma, veredicto y severidad heredados del lote.
  ✓ SUITE-R43      PT-039: sin comentarios pendientes en el issue #60.
  ✓ FDGE-R45       PT-039: evidencia e intake sin patrones de secreto conocidos.
  ✓ FDGE-R25       PT-039: self-review completo.
  ✓ FDGE-R29       PT-039: registrado en HISTORY.log (con 1 corrección(es)).
  ✓ FDGE-R44       PT-039: declara «Estructural: no» en su corrección.
  ✓ FDGE-R31       PT-039: presente en ENRICHMENT.md con estado canónico.
  ✓ FDGE-R34       PT-039: sin errores de cumplimiento.
  ✓ INTAKE-R08     PT-040: firmado por lote EP-011.
  ✓ FDGE-R51       PT-040: intake ligero · firma, veredicto y severidad heredados del lote.
  ✓ SUITE-R43      PT-040: sin comentarios pendientes en el issue #61.
  ✓ FDGE-R45       PT-040: evidencia e intake sin patrones de secreto conocidos.
  ✓ FDGE-R25       PT-040: self-review completo.
  ✓ FDGE-R29       PT-040: registrado en HISTORY.log (con 1 corrección(es)).
  ✓ FDGE-R44       PT-040: declara «Estructural: no» en su corrección.
  ✓ FDGE-R31       PT-040: presente en ENRICHMENT.md con estado canónico.
  ✓ FDGE-R34       PT-040: sin errores de cumplimiento.
  ✓ INTAKE-R08     PT-041: firmado por lote EP-011.
  ✓ FDGE-R51       PT-041: intake ligero · firma, veredicto y severidad heredados del lote.
  ✓ SUITE-R43      PT-041: sin comentarios pendientes en el issue #62.
  ✓ FDGE-R45       PT-041: evidencia e intake sin patrones de secreto conocidos.
  ✓ FDGE-R25       PT-041: self-review completo.
  ✓ FDGE-R29       PT-041: registrado en HISTORY.log (con 1 corrección(es)).
  ✓ FDGE-R44       PT-041: declara «Estructural: no» en su corrección.
  ✓ FDGE-R31       PT-041: presente en ENRICHMENT.md con estado canónico.
  ✓ FDGE-R34       PT-041: sin errores de cumplimiento.
  ✓ INTAKE-R08     PT-042: firmado por lote EP-011.
  ✓ FDGE-R51       PT-042: intake ligero · firma, veredicto y severidad heredados del lote.
  ✓ SUITE-R43      PT-042: sin comentarios pendientes en el issue #63.
  ✓ FDGE-R45       PT-042: evidencia e intake sin patrones de secreto conocidos.
  ✓ FDGE-R25       PT-042: self-review completo.
  ✓ FDGE-R29       PT-042: registrado en HISTORY.log (con 1 corrección(es)).
  ✓ FDGE-R44       PT-042: declara «Estructural: no» en su corrección.
  ✓ FDGE-R31       PT-042: presente en ENRICHMENT.md con estado canónico.
  ✓ FDGE-R34       PT-042: sin errores de cumplimiento.
  ✓ INTAKE-R08     PT-043: firmado por lote EP-011.
  ✓ FDGE-R51       PT-043: intake ligero · firma, veredicto y severidad heredados del lote.
  ✓ SUITE-R43      PT-043: sin comentarios pendientes en el issue #64.
  ✓ FDGE-R45       PT-043: evidencia e intake sin patrones de secreto conocidos.
  ✓ FDGE-R25       PT-043: self-review completo.
  ✓ FDGE-R29       PT-043: registrado en HISTORY.log.
  ✓ FDGE-R44       PT-043: declara «Estructural: no».
  ✓ FDGE-R31       PT-043: presente en ENRICHMENT.md con estado canónico.
  ✓ FDGE-R34       PT-043: sin errores de cumplimiento.
  ✓ INTAKE-R08     PT-044: firmado por lote EP-012.
  ✓ FDGE-R51       PT-044: intake ligero · firma, veredicto y severidad heredados del lote.
  ✓ SUITE-R43      PT-044: sin comentarios pendientes en el issue #65.
  ✓ FDGE-R45       PT-044: evidencia e intake sin patrones de secreto conocidos.
  ✓ FDGE-R25       PT-044: self-review completo.
  ✓ FDGE-R29       PT-044: registrado en HISTORY.log.
  ✓ FDGE-R44       PT-044: declara «Estructural: no».
  ✓ FDGE-R31       PT-044: presente en DISCOVERY.md con estado canónico.
  ✓ FDGE-R34       PT-044: sin errores de cumplimiento.
  ✓ INTAKE-R08     PT-045: firmado por lote EP-012.
  ✓ FDGE-R51       PT-045: intake ligero · firma, veredicto y severidad heredados del lote.
  ✓ SUITE-R43      PT-045: sin comentarios pendientes en el issue #66.
  ✓ FDGE-R45       PT-045: evidencia e intake sin patrones de secreto conocidos.
  ✓ FDGE-R25       PT-045: self-review completo.
  ✓ FDGE-R29       PT-045: registrado en HISTORY.log.
  ✓ FDGE-R44       PT-045: declara «Estructural: no».
  ✓ FDGE-R31       PT-045: presente en DISCOVERY.md con estado canónico.
  ✓ FDGE-R34       PT-045: sin errores de cumplimiento.
  ✓ INTAKE-R08     PT-046: firmado por lote EP-012.
  ✓ FDGE-R51       PT-046: intake ligero · firma, veredicto y severidad heredados del lote.
  ✓ SUITE-R43      PT-046: sin comentarios pendientes en el issue #67.
  ✓ FDGE-R45       PT-046: evidencia e intake sin patrones de secreto conocidos.
  ✓ FDGE-R25       PT-046: self-review completo.
  ✓ FDGE-R29       PT-046: registrado en HISTORY.log.
  ✓ FDGE-R44       PT-046: declara «Estructural: no».
  ✓ FDGE-R31       PT-046: presente en DISCOVERY.md con estado canónico.
  ✓ FDGE-R34       PT-046: sin errores de cumplimiento.
  ✓ INTAKE-R08     PT-047: firmado por lote EP-013.
  ✓ FDGE-R51       PT-047: intake ligero · firma, veredicto y severidad heredados del lote.
  ✓ FDGE-R19       PT-047: rama «fix/PT-047-ningun-pt-ha-creado-su-rama» declarada.
  ✓ SUITE-R43      PT-047: sin comentarios pendientes en el issue #69.
  ✓ FDGE-R45       PT-047: evidencia e intake sin patrones de secreto conocidos.
  ✓ FDGE-R25       PT-047: self-review completo.
  ✓ FDGE-R29       PT-047: registrado en HISTORY.log.
  ✓ FDGE-R44       PT-047: declara «Estructural: no».
  ✓ FDGE-R31       PT-047: presente en DISCOVERY.md con estado canónico.
  ✓ FDGE-R34       PT-047: sin errores de cumplimiento.
  ✓ INTAKE-R08     PT-048: firmado por lote EP-013.
  ✓ FDGE-R51       PT-048: intake ligero · firma, veredicto y severidad heredados del lote.
  ✓ FDGE-R19       PT-048: rama «fix/PT-048-el-issue-de-un-deferred-enlaza-a-un-404» declarada.
  ✓ SUITE-R43      PT-048: sin comentarios pendientes en el issue #70.
  ✓ FDGE-R45       PT-048: evidencia e intake sin patrones de secreto conocidos.
  ✓ FDGE-R25       PT-048: self-review completo.
  ✓ FDGE-R29       PT-048: registrado en HISTORY.log.
  ✓ FDGE-R44       PT-048: declara «Estructural: no».
  ✓ FDGE-R31       PT-048: presente en DISCOVERY.md con estado canónico.
  ✓ FDGE-R34       PT-048: sin errores de cumplimiento.
  ✓ INTAKE-R08     PT-049: firmado por lote EP-014.
  ✓ FDGE-R51       PT-049: intake ligero · firma, veredicto y severidad heredados del lote.
  ✓ FDGE-R19       PT-049: rama «chore/PT-049-el-verde-se-cuenta-no-se-enumera» declarada.
  ✓ SUITE-R43      PT-049: sin comentarios pendientes en el issue #83.
  ✓ FDGE-R45       PT-049: evidencia e intake sin patrones de secreto conocidos.
  ✓ FDGE-R25       PT-049: self-review completo.
  ✓ FDGE-R29       PT-049: registrado en HISTORY.log.
  ✓ FDGE-R44       PT-049: declara «Estructural: no».
  ✓ FDGE-R31       PT-049: presente en REFACTOR_SCOPE.md con estado canónico.
  ✓ FDGE-R34       PT-049: sin errores de cumplimiento.
  ✓ INTAKE-R08     PT-050: firmado por lote EP-014.
  ✓ FDGE-R51       PT-050: intake ligero · firma, veredicto y severidad heredados del lote.
  ✓ FDGE-R19       PT-050: rama «chore/PT-050-reejecutar-solo-el-bloque-en-el-que-se-trabaja» declarada.
  ✓ SUITE-R43      PT-050: sin comentarios pendientes en el issue #84.
  ✓ FDGE-R45       PT-050: evidencia e intake sin patrones de secreto conocidos.
  ✓ FDGE-R25       PT-050: self-review completo.
  ✓ FDGE-R29       PT-050: registrado en HISTORY.log.
  ✓ FDGE-R44       PT-050: declara «Estructural: no».
  ✓ FDGE-R31       PT-050: presente en REFACTOR_SCOPE.md con estado canónico.
  ✓ FDGE-R34       PT-050: sin errores de cumplimiento.
  ✓ INTAKE-R08     PT-051: firmado por lote EP-014.
  ✓ FDGE-R51       PT-051: intake ligero · firma, veredicto y severidad heredados del lote.
  ✓ FDGE-R19       PT-051: rama «chore/PT-051-donde-vive-la-comprobacion-de-una-regla» declarada.
  ✓ SUITE-R43      PT-051: sin comentarios pendientes en el issue #85.
  ✓ FDGE-R45       PT-051: evidencia e intake sin patrones de secreto conocidos.
  ✓ FDGE-R25       PT-051: self-review completo.
  ✓ FDGE-R29       PT-051: registrado en HISTORY.log.
  ✓ FDGE-R44       PT-051: declara «Estructural: no».
  ✓ FDGE-R31       PT-051: presente en REFACTOR_SCOPE.md con estado canónico.
  ✓ FDGE-R34       PT-051: sin errores de cumplimiento.
  ✓ INTAKE-R08     PT-052: firmado por lote EP-014.
  ✓ FDGE-R51       PT-052: intake ligero · firma, veredicto y severidad heredados del lote.
  ✓ FDGE-R19       PT-052: rama «chore/PT-052-el-checkpoint-es-un-artefacto-no-una-nota» declarada.
  ✓ SUITE-R43      PT-052: sin comentarios pendientes en el issue #86.
  ✓ FDGE-R45       PT-052: evidencia e intake sin patrones de secreto conocidos.
  ✓ FDGE-R25       PT-052: self-review completo.
  ✓ FDGE-R29       PT-052: registrado en HISTORY.log.
  ✓ FDGE-R44       PT-052: declara «Estructural: no».
  ✓ FDGE-R31       PT-052: presente en REFACTOR_SCOPE.md con estado canónico.
  ✓ FDGE-R34       PT-052: sin errores de cumplimiento.
  ✓ INTAKE-R08     PT-053: firmado por lote EP-014.
  ✓ FDGE-R51       PT-053: intake ligero · firma, veredicto y severidad heredados del lote.
  ✓ FDGE-R19       PT-053: rama «chore/PT-053-la-transicion-de-fase-es-un-solo-acto» declarada.
  ✓ SUITE-R43      PT-053: sin comentarios pendientes en el issue #87.
  ✓ FDGE-R45       PT-053: evidencia e intake sin patrones de secreto conocidos.
  ✓ FDGE-R25       PT-053: self-review completo.
  ✓ FDGE-R29       PT-053: registrado en HISTORY.log.
  ✓ FDGE-R44       PT-053: declara «Estructural: no».
  ✓ FDGE-R31       PT-053: presente en REFACTOR_SCOPE.md con estado canónico.
  ✓ FDGE-R34       PT-053: sin errores de cumplimiento.
  ✓ INTAKE-R08     PT-054: firmado por lote EP-014.
  ✓ FDGE-R51       PT-054: intake ligero · firma, veredicto y severidad heredados del lote.
  ✓ FDGE-R19       PT-054: rama «chore/PT-054-ver-en-que-se-trabaja-sin-esperar-al-merge» declarada.
  ✓ SUITE-R43      PT-054: sin comentarios pendientes en el issue #88.
  ✓ FDGE-R45       PT-054: evidencia e intake sin patrones de secreto conocidos.
  ✓ FDGE-R25       PT-054: self-review completo.
  ✓ FDGE-R29       PT-054: registrado en HISTORY.log.
  ✓ FDGE-R44       PT-054: declara «Estructural: no».
  ✓ FDGE-R31       PT-054: presente en REFACTOR_SCOPE.md con estado canónico.
  ✓ FDGE-R34       PT-054: sin errores de cumplimiento.
  ✓ INTAKE-R08     PT-055: firmado por lote EP-017.
  ✓ FDGE-R51       PT-055: intake ligero · firma, veredicto y severidad heredados del lote.
  ✓ FDGE-R19       PT-055: rama «fix/alberto-martinez/PT-055-la-compuerta-del-lote-que-cierra-mira-al-lote-que-abre» declarada.
  ✓ SUITE-R43      PT-055: sin comentarios pendientes en el issue #94.
  ✓ FDGE-R45       PT-055: evidencia e intake sin patrones de secreto conocidos.
  ✓ FDGE-R25       PT-055: self-review completo.
  ✓ FDGE-R29       PT-055: registrado en HISTORY.log.
  ✓ FDGE-R44       PT-055: declara «Estructural: no».
  ✓ FDGE-R31       PT-055: presente en DISCOVERY.md con estado canónico.
  ✓ FDGE-R34       PT-055: sin errores de cumplimiento.
  ✓ INTAKE-R08     PT-056: firmado por lote EP-015.
  ✓ FDGE-R51       PT-056: intake ligero · firma, veredicto y severidad heredados del lote.
  ✓ FDGE-R19       PT-056: rama «chore/PT-056-el-arbol-corresponde-al-checkpoint» declarada.
  ✓ SUITE-R43      PT-056: sin comentarios pendientes en el issue #103.
  ✓ FDGE-R45       PT-056: evidencia e intake sin patrones de secreto conocidos.
  ✓ FDGE-R25       PT-056: self-review completo.
  ✓ FDGE-R29       PT-056: registrado en HISTORY.log.
  ✓ FDGE-R44       PT-056: declara «Estructural: no».
  ✓ FDGE-R31       PT-056: presente en REFACTOR_SCOPE.md con estado canónico.
  ✓ FDGE-R34       PT-056: sin errores de cumplimiento.
  ✓ INTAKE-R08     PT-057: firmado por lote EP-015.
  ✓ FDGE-R51       PT-057: intake ligero · firma, veredicto y severidad heredados del lote.
  ✓ FDGE-R19       PT-057: rama «chore/PT-057-lo-que-cuesta-una-tarea-sale-del-historial» declarada.
  ✓ SUITE-R43      PT-057: sin comentarios pendientes en el issue #104.
  ✓ FDGE-R45       PT-057: evidencia e intake sin patrones de secreto conocidos.
  ✓ FDGE-R25       PT-057: self-review completo.
  ✓ FDGE-R29       PT-057: registrado en HISTORY.log.
  ✓ FDGE-R44       PT-057: declara «Estructural: no».
  ✓ FDGE-R31       PT-057: presente en REFACTOR_SCOPE.md con estado canónico.
  ✓ FDGE-R34       PT-057: sin errores de cumplimiento.
  ✓ INTAKE-R08     PT-058: firmado por lote EP-015.
  ✓ FDGE-R51       PT-058: intake ligero · firma, veredicto y severidad heredados del lote.
  ✓ FDGE-R19       PT-058: rama «chore/PT-058-el-presupuesto-dice-de-que-tipo-es-cada-cifra» declarada.
  ✓ SUITE-R43      PT-058: sin comentarios pendientes en el issue #105.
  ✓ FDGE-R45       PT-058: evidencia e intake sin patrones de secreto conocidos.
  ✓ FDGE-R25       PT-058: self-review completo.
  ✓ FDGE-R29       PT-058: registrado en HISTORY.log.
  ✓ FDGE-R44       PT-058: declara «Estructural: no».
  ✓ FDGE-R31       PT-058: presente en REFACTOR_SCOPE.md con estado canónico.
  ✓ FDGE-R34       PT-058: sin errores de cumplimiento.
  ✓ INTAKE-R08     PT-059: firmado por lote EP-015.
  ✓ FDGE-R51       PT-059: intake ligero · firma, veredicto y severidad heredados del lote.
  ✓ FDGE-R19       PT-059: rama «chore/PT-059-no-empezar-lo-que-no-se-puede-terminar» declarada.
  ✓ SUITE-R43      PT-059: sin comentarios pendientes en el issue #106.
  ✓ FDGE-R45       PT-059: evidencia e intake sin patrones de secreto conocidos.
  ✓ FDGE-R25       PT-059: self-review completo.
  ✓ FDGE-R29       PT-059: registrado en HISTORY.log.
  ✓ FDGE-R44       PT-059: declara «Estructural: no».
  ✓ FDGE-R31       PT-059: presente en REFACTOR_SCOPE.md con estado canónico.
  ✓ FDGE-R34       PT-059: sin errores de cumplimiento.
  ✓ INTAKE-R08     PT-060: firmado por lote EP-015.
  ✓ FDGE-R51       PT-060: intake ligero · firma, veredicto y severidad heredados del lote.
  ✓ FDGE-R19       PT-060: rama «chore/PT-060-la-sesion-es-el-worker-no-el-estado» declarada.
  ✓ SUITE-R43      PT-060: sin comentarios pendientes en el issue #107.
  ✓ FDGE-R45       PT-060: evidencia e intake sin patrones de secreto conocidos.
  ✓ FDGE-R25       PT-060: self-review completo.
  ✓ FDGE-R29       PT-060: registrado en HISTORY.log.
  ✓ FDGE-R44       PT-060: declara «Estructural: no».
  ✓ FDGE-R31       PT-060: presente en REFACTOR_SCOPE.md con estado canónico.
  ✓ FDGE-R34       PT-060: sin errores de cumplimiento.
  ✓ INTAKE-R08     PT-061: firmado por lote EP-016.
  ✓ FDGE-R51       PT-061: intake ligero · firma, veredicto y severidad heredados del lote.
  ✓ FDGE-R19       PT-061: rama «chore/PT-061-quien-es-quien-la-identidad-se-declara-y-se-reconcilia» declarada.
  ✓ SUITE-R43      PT-061: sin comentarios pendientes en el issue #116.
  ✓ FDGE-R45       PT-061: evidencia e intake sin patrones de secreto conocidos.
  ✓ FDGE-R25       PT-061: self-review completo.
  ✓ FDGE-R29       PT-061: registrado en HISTORY.log.
  ✓ FDGE-R44       PT-061: declara «Estructural: no».
  ✓ FDGE-R31       PT-061: presente en REFACTOR_SCOPE.md con estado canónico.
  ✓ FDGE-R34       PT-061: sin errores de cumplimiento.
  ✓ INTAKE-R08     PT-062: firmado por lote EP-016.
  ✓ FDGE-R51       PT-062: intake ligero · firma, veredicto y severidad heredados del lote.
  ✓ FDGE-R19       PT-062: rama «chore/PT-062-los-ids-se-reparten-por-rangos-reservados» declarada.
  ✓ SUITE-R43      PT-062: sin comentarios pendientes en el issue #117.
  ✓ FDGE-R45       PT-062: evidencia e intake sin patrones de secreto conocidos.
  ✓ FDGE-R25       PT-062: self-review completo.
  ✓ FDGE-R29       PT-062: registrado en HISTORY.log.
  ✓ FDGE-R44       PT-062: declara «Estructural: no».
  ✓ FDGE-R31       PT-062: presente en REFACTOR_SCOPE.md con estado canónico.
  ✓ FDGE-R34       PT-062: sin errores de cumplimiento.
  ✓ INTAKE-R08     PT-063: firmado por lote EP-016.
  ✓ FDGE-R51       PT-063: intake ligero · firma, veredicto y severidad heredados del lote.
  ✓ FDGE-R19       PT-063: rama «chore/PT-063-el-usuario-vive-en-la-rama-de-tarea» declarada.
  ✓ SUITE-R43      PT-063: sin comentarios pendientes en el issue #118.
  ✓ FDGE-R45       PT-063: evidencia e intake sin patrones de secreto conocidos.
  ✓ FDGE-R25       PT-063: self-review completo.
  ✓ FDGE-R29       PT-063: registrado en HISTORY.log.
  ✓ FDGE-R44       PT-063: declara «Estructural: no».
  ✓ FDGE-R31       PT-063: presente en REFACTOR_SCOPE.md con estado canónico.
  ✓ FDGE-R34       PT-063: sin errores de cumplimiento.
  ✓ INTAKE-R08     PT-064: firmado por lote EP-016.
  ✓ FDGE-R51       PT-064: intake ligero · firma, veredicto y severidad heredados del lote.
  ✓ FDGE-R19       PT-064: rama «chore/alberto-martinez/PT-064-de-quien-es-cada-commit» declarada.
  ✓ SUITE-R43      PT-064: sin comentarios pendientes en el issue #119.
  ✓ FDGE-R45       PT-064: evidencia e intake sin patrones de secreto conocidos.
  ✓ FDGE-R25       PT-064: self-review completo.
  ✓ FDGE-R29       PT-064: registrado en HISTORY.log.
  ✓ FDGE-R44       PT-064: declara «Estructural: no».
  ✓ FDGE-R31       PT-064: presente en REFACTOR_SCOPE.md con estado canónico.
  ✓ FDGE-R34       PT-064: sin errores de cumplimiento.
  ✓ INTAKE-R08     PT-065: firmado por lote EP-016.
  ✓ FDGE-R51       PT-065: intake ligero · firma, veredicto y severidad heredados del lote.
  ✓ FDGE-R19       PT-065: rama «chore/alberto-martinez/PT-065-la-sesion-es-de-alguien» declarada.
  ✓ SUITE-R43      PT-065: sin comentarios pendientes en el issue #120.
  ✓ FDGE-R45       PT-065: evidencia e intake sin patrones de secreto conocidos.
  ✓ FDGE-R25       PT-065: self-review completo.
  ✓ FDGE-R29       PT-065: registrado en HISTORY.log.
  ✓ FDGE-R44       PT-065: declara «Estructural: no».
  ✓ FDGE-R31       PT-065: presente en REFACTOR_SCOPE.md con estado canónico.
  ✓ FDGE-R34       PT-065: sin errores de cumplimiento.
  ✓ INTAKE-R08     PT-066: firmado por lote EP-017.
  ✓ FDGE-R51       PT-066: intake ligero · firma, veredicto y severidad heredados del lote.
  ✓ FDGE-R19       PT-066: rama «fix/alberto-martinez/PT-066-la-regla-que-se-consulta-es-la-que-se-define» declarada.
  ✓ SUITE-R43      PT-066: sin comentarios pendientes en el issue #128.
  ✓ FDGE-R45       PT-066: evidencia e intake sin patrones de secreto conocidos.
  ✓ FDGE-R25       PT-066: self-review completo.
  ✓ FDGE-R29       PT-066: registrado en HISTORY.log.
  ✓ FDGE-R44       PT-066: declara «Estructural: no».
  ✓ FDGE-R31       PT-066: presente en DISCOVERY.md con estado canónico.
  ✓ FDGE-R34       PT-066: sin errores de cumplimiento.
  ✓ INTAKE-R08     PT-067: firmado por lote EP-017.
  ✓ FDGE-R51       PT-067: intake ligero · firma, veredicto y severidad heredados del lote.
  ✓ SUITE-R43      PT-067: sin comentarios pendientes en el issue #129.
  ✓ FDGE-R45       PT-067: evidencia e intake sin patrones de secreto conocidos.
  ✓ FDGE-R25       PT-067: self-review completo.
  ✓ FDGE-R29       PT-067: registrado en HISTORY.log.
  ✓ FDGE-R44       PT-067: declara «Estructural: no».
  ✓ FDGE-R31       PT-067: presente en DISCOVERY.md con estado canónico.
  ✓ FDGE-R34       PT-067: sin errores de cumplimiento.
  ✓ INTAKE-R08     PT-068: firmado por lote EP-017.
  ✓ FDGE-R51       PT-068: intake ligero · firma, veredicto y severidad heredados del lote.
  ✓ FDGE-R19       PT-068: rama «fix/alberto-martinez/PT-068-la-marca-de-sesion-es-de-quien-la-abre» declarada.
  ✓ SUITE-R43      PT-068: sin comentarios pendientes en el issue #130.
  ✓ FDGE-R45       PT-068: evidencia e intake sin patrones de secreto conocidos.
  ✓ FDGE-R25       PT-068: self-review completo.
  ✓ FDGE-R29       PT-068: registrado en HISTORY.log.
  ✓ FDGE-R44       PT-068: declara «Estructural: no».
  ✓ FDGE-R31       PT-068: presente en DISCOVERY.md con estado canónico.
  ✓ FDGE-R34       PT-068: sin errores de cumplimiento.
  ✓ INTAKE-R08     PT-069: firmado por lote EP-017.
  ✓ FDGE-R51       PT-069: intake ligero · firma, veredicto y severidad heredados del lote.
  ✓ SUITE-R43      PT-069: sin comentarios pendientes en el issue #131.
  ✓ FDGE-R45       PT-069: evidencia e intake sin patrones de secreto conocidos.
  ✓ FDGE-R25       PT-069: self-review completo.
  ✓ FDGE-R29       PT-069: registrado en HISTORY.log.
  ✓ FDGE-R44       PT-069: declara «Estructural: no».
  ✓ FDGE-R31       PT-069: presente en ENRICHMENT.md con estado canónico.
  ✓ FDGE-R34       PT-069: sin errores de cumplimiento.
  ✓ INTAKE-R08     PT-070: firmado por lote EP-017.
  ✓ FDGE-R51       PT-070: intake ligero · firma, veredicto y severidad heredados del lote.
  ✓ SUITE-R43      PT-070: sin comentarios pendientes en el issue #132.
  ✓ FDGE-R45       PT-070: evidencia e intake sin patrones de secreto conocidos.
  ✓ FDGE-R25       PT-070: self-review completo.
  ✓ FDGE-R29       PT-070: registrado en HISTORY.log.
  ✓ FDGE-R44       PT-070: declara «Estructural: no».
  ✓ FDGE-R31       PT-070: presente en DISCOVERY.md con estado canónico.
  ✓ FDGE-R34       PT-070: sin errores de cumplimiento.
  ✓ INTAKE-R08     PT-071: firmado por lote EP-017.
  ✓ FDGE-R51       PT-071: intake ligero · firma, veredicto y severidad heredados del lote.
  ✓ SUITE-R43      PT-071: sin comentarios pendientes en el issue #133.
  ✓ FDGE-R45       PT-071: evidencia e intake sin patrones de secreto conocidos.
  ✓ FDGE-R25       PT-071: self-review completo.
  ✓ FDGE-R29       PT-071: registrado en HISTORY.log.
  ✓ FDGE-R44       PT-071: declara «Estructural: no».
  ✓ FDGE-R31       PT-071: presente en DISCOVERY.md con estado canónico.
  ✓ FDGE-R34       PT-071: sin errores de cumplimiento.
  ✓ INTAKE-R08     PT-072: firmado por lote EP-017.
  ✓ FDGE-R51       PT-072: intake ligero · firma, veredicto y severidad heredados del lote.
  ✓ SUITE-R43      PT-072: sin comentarios pendientes en el issue #134.
  ✓ FDGE-R42       PT-072: investigación con conclusión documentada.
  ✓ FDGE-R29       PT-072: registrado en HISTORY.log.
  ✓ FDGE-R44       PT-072: declara «Estructural: no».
  ✓ FDGE-R31       PT-072: presente en DISCOVERY.md con estado canónico.
  ✓ FDGE-R10       PT-072: INVESTIGATION verificada (exenta de FDGE-R15 y FDGE-R23).
  ✓ INTAKE-R08     PT-073: firmado por lote EP-017.
  ✓ FDGE-R51       PT-073: intake ligero · firma, veredicto y severidad heredados del lote.
  ✓ SUITE-R43      PT-073: sin comentarios pendientes en el issue #135.
  ✓ FDGE-R45       PT-073: evidencia e intake sin patrones de secreto conocidos.
  ✓ FDGE-R25       PT-073: self-review completo.
  ✓ FDGE-R29       PT-073: registrado en HISTORY.log.
  ✓ FDGE-R44       PT-073: declara «Estructural: no».
  ✓ FDGE-R31       PT-073: presente en REFACTOR_SCOPE.md con estado canónico.
  ✓ FDGE-R34       PT-073: sin errores de cumplimiento.
  ✓ INTAKE-R08     PT-074: firmado por lote EP-017.
  ✓ FDGE-R51       PT-074: intake ligero · firma, veredicto y severidad heredados del lote.
  ✓ FDGE-R19       PT-074: rama «fix/alberto-martinez/PT-074-la-compuerta-de-viabilidad-necesita-una-fase» declarada.
  ✓ SUITE-R43      PT-074: sin comentarios pendientes en el issue #136.
  ✓ FDGE-R45       PT-074: evidencia e intake sin patrones de secreto conocidos.
  ✓ FDGE-R25       PT-074: self-review completo.
  ✓ FDGE-R29       PT-074: registrado en HISTORY.log.
  ✓ FDGE-R44       PT-074: declara «Estructural: no».
  ✓ FDGE-R31       PT-074: presente en DISCOVERY.md con estado canónico.
  ✓ FDGE-R34       PT-074: sin errores de cumplimiento.
  ✓ INTAKE-R08     PT-075: firmado por lote EP-017.
  ✓ FDGE-R51       PT-075: intake ligero · firma, veredicto y severidad heredados del lote.
  ✓ FDGE-R19       PT-075: rama «fix/alberto-martinez/PT-075-una-regla-sin-verificador-no-ocurre» declarada.
  ✓ SUITE-R43      PT-075: sin comentarios pendientes en el issue #137.
  ✓ FDGE-R45       PT-075: evidencia e intake sin patrones de secreto conocidos.
  ✓ FDGE-R25       PT-075: self-review completo.
  ✓ FDGE-R29       PT-075: registrado en HISTORY.log.
  ✓ FDGE-R44       PT-075: declara «Estructural: no».
  ✓ FDGE-R31       PT-075: presente en DISCOVERY.md con estado canónico.
  ✓ FDGE-R34       PT-075: sin errores de cumplimiento.
  ✓ INTAKE-R08     PT-076: firmado por lote EP-017.
  ✓ FDGE-R51       PT-076: intake ligero · firma, veredicto y severidad heredados del lote.
  ✓ FDGE-R19       PT-076: rama «fix/alberto-martinez/PT-076-el-arnes-no-escribe-en-el-repositorio-real» declarada.
  ✓ SUITE-R43      PT-076: sin comentarios pendientes en el issue #138.
  ✓ FDGE-R45       PT-076: evidencia e intake sin patrones de secreto conocidos.
  ✓ FDGE-R25       PT-076: self-review completo.
  ✓ FDGE-R29       PT-076: registrado en HISTORY.log.
  ✓ FDGE-R44       PT-076: declara «Estructural: no».
  ✓ FDGE-R31       PT-076: presente en DISCOVERY.md con estado canónico.
  ✓ FDGE-R34       PT-076: sin errores de cumplimiento.
  ✓ INTAKE-R08     PT-077: firmado por lote EP-017.
  ✓ FDGE-R51       PT-077: intake ligero · firma, veredicto y severidad heredados del lote.
  ✓ SUITE-R43      PT-077: sin comentarios pendientes en el issue #139.
  ✓ FDGE-R45       PT-077: evidencia e intake sin patrones de secreto conocidos.
  ✓ FDGE-R25       PT-077: self-review completo.
  ✓ FDGE-R29       PT-077: registrado en HISTORY.log.
  ✓ FDGE-R44       PT-077: declara «Estructural: no».
  ✓ FDGE-R31       PT-077: presente en DISCOVERY.md con estado canónico.
  ✓ FDGE-R34       PT-077: sin errores de cumplimiento.
  ✓ INTAKE-R08     PT-078: firmado por lote EP-017.
  ✓ FDGE-R51       PT-078: intake ligero · firma, veredicto y severidad heredados del lote.
  ✓ SUITE-R43      PT-078: sin comentarios pendientes en el issue #142.
  ✓ FDGE-R45       PT-078: evidencia e intake sin patrones de secreto conocidos.
  ✓ FDGE-R25       PT-078: self-review completo.
  ✓ FDGE-R29       PT-078: registrado en HISTORY.log.
  ✓ FDGE-R44       PT-078: declara «Estructural: no».
  ✓ FDGE-R31       PT-078: presente en ENRICHMENT.md con estado canónico.
  ✓ FDGE-R34       PT-078: sin errores de cumplimiento.
  ✓ INTAKE-R08     PT-079: firmado por lote EP-017.
  ✓ FDGE-R51       PT-079: intake ligero · firma, veredicto y severidad heredados del lote.
  ✓ FDGE-R19       PT-079: rama «fix/alberto-martinez/PT-079-lo-que-se-aprende-se-hace-mecanico» declarada.
  ✓ SUITE-R43      PT-079: sin comentarios pendientes en el issue #147.
  ✓ FDGE-R45       PT-079: evidencia e intake sin patrones de secreto conocidos.
  ✓ FDGE-R25       PT-079: self-review completo.
  ✓ FDGE-R29       PT-079: registrado en HISTORY.log.
  ✓ FDGE-R44       PT-079: declara «Estructural: no».
  ✓ FDGE-R31       PT-079: presente en DISCOVERY.md con estado canónico.
  ✓ FDGE-R34       PT-079: sin errores de cumplimiento.
  ✓ INTAKE-R08     PT-080: firmado por lote EP-017.
  ✓ FDGE-R51       PT-080: intake ligero · firma, veredicto y severidad heredados del lote.
  ✓ SUITE-R43      PT-080: sin comentarios pendientes en el issue #150.
  ✓ FDGE-R45       PT-080: evidencia e intake sin patrones de secreto conocidos.
  ✓ FDGE-R25       PT-080: self-review completo.
  ✓ FDGE-R29       PT-080: registrado en HISTORY.log.
  ✓ FDGE-R44       PT-080: declara «Estructural: no».
  ✓ FDGE-R31       PT-080: presente en DISCOVERY.md con estado canónico.
  ✓ FDGE-R34       PT-080: sin errores de cumplimiento.
  ✓ INTAKE-R08     PT-081: firmado por lote EP-017.
  ✓ FDGE-R51       PT-081: intake ligero · firma, veredicto y severidad heredados del lote.
  ✓ SUITE-R43      PT-081: sin comentarios pendientes en el issue #151.
  ✓ FDGE-R45       PT-081: evidencia e intake sin patrones de secreto conocidos.
  ✓ FDGE-R25       PT-081: self-review completo.
  ✓ FDGE-R29       PT-081: registrado en HISTORY.log.
  ✓ FDGE-R44       PT-081: declara «Estructural: no».
  ✓ FDGE-R31       PT-081: presente en DISCOVERY.md con estado canónico.
  ✓ FDGE-R34       PT-081: sin errores de cumplimiento.
  ✓ INTAKE-R08     PT-082: firmado por lote EP-017.
  ✓ FDGE-R51       PT-082: intake ligero · firma, veredicto y severidad heredados del lote.
  ✓ SUITE-R43      PT-082: sin comentarios pendientes en el issue #153.
  ✓ FDGE-R45       PT-082: evidencia e intake sin patrones de secreto conocidos.
  ✓ FDGE-R25       PT-082: self-review completo.
  ✓ FDGE-R29       PT-082: registrado en HISTORY.log.
  ✓ FDGE-R44       PT-082: declara «Estructural: no».
  ✓ FDGE-R31       PT-082: presente en DISCOVERY.md con estado canónico.
  ✓ FDGE-R34       PT-082: sin errores de cumplimiento.
  ✓ INTAKE-R08     PT-083: firmado por lote EP-017.
  ✓ FDGE-R51       PT-083: intake ligero · firma, veredicto y severidad heredados del lote.
  ✓ SUITE-R43      PT-083: sin comentarios pendientes en el issue #155.
  ✓ FDGE-R45       PT-083: evidencia e intake sin patrones de secreto conocidos.
  ✓ FDGE-R25       PT-083: self-review completo.
  ✓ FDGE-R29       PT-083: registrado en HISTORY.log.
  ✓ FDGE-R44       PT-083: declara «Estructural: no».
  ✓ FDGE-R31       PT-083: presente en DISCOVERY.md con estado canónico.
  ✓ FDGE-R34       PT-083: sin errores de cumplimiento.
  ✓ INTAKE-R08     PT-084: firmado por lote EP-017.
  ✓ FDGE-R51       PT-084: intake ligero · firma, veredicto y severidad heredados del lote.
  ✓ SUITE-R43      PT-084: sin comentarios pendientes en el issue #156.
  ✓ FDGE-R45       PT-084: evidencia e intake sin patrones de secreto conocidos.
  ✓ FDGE-R25       PT-084: self-review completo.
  ✓ FDGE-R29       PT-084: registrado en HISTORY.log.
  ✓ FDGE-R44       PT-084: declara «Estructural: no».
  ✓ FDGE-R31       PT-084: presente en DISCOVERY.md con estado canónico.
  ✓ FDGE-R34       PT-084: sin errores de cumplimiento.
  ✓ INTAKE-R08     PT-085: firmado por lote EP-017.
  ✓ FDGE-R51       PT-085: intake ligero · firma, veredicto y severidad heredados del lote.
  ✓ SUITE-R43      PT-085: sin comentarios pendientes en el issue #159.
  ✓ FDGE-R45       PT-085: evidencia e intake sin patrones de secreto conocidos.
  ✓ FDGE-R25       PT-085: self-review completo.
  ✓ FDGE-R29       PT-085: registrado en HISTORY.log.
  ✓ FDGE-R44       PT-085: declara «Estructural: no».
  ✓ FDGE-R31       PT-085: presente en DISCOVERY.md con estado canónico.
  ✓ FDGE-R34       PT-085: sin errores de cumplimiento.
  ✓ INTAKE-R08     PT-086: firmado por lote EP-017.
  ✓ FDGE-R51       PT-086: intake ligero · firma, veredicto y severidad heredados del lote.
  ✓ SUITE-R43      PT-086: sin comentarios pendientes en el issue #160.
  ✓ FDGE-R45       PT-086: evidencia e intake sin patrones de secreto conocidos.
  ✓ FDGE-R25       PT-086: self-review completo.
  ✓ FDGE-R29       PT-086: registrado en HISTORY.log.
  ✓ FDGE-R44       PT-086: declara «Estructural: no».
  ✓ FDGE-R31       PT-086: presente en REFACTOR_SCOPE.md con estado canónico.
  ✓ FDGE-R34       PT-086: sin errores de cumplimiento.
  ✓ INTAKE-R08     PT-087: firmado por lote EP-018.
  ✓ FDGE-R51       PT-087: intake ligero · firma, veredicto y severidad heredados del lote.
  ✓ SUITE-R43      PT-087: sin comentarios pendientes en el issue #163.
  ✓ FDGE-R45       PT-087: evidencia e intake sin patrones de secreto conocidos.
  ✓ FDGE-R25       PT-087: self-review completo.
  ✓ FDGE-R29       PT-087: registrado en HISTORY.log.
  ✓ FDGE-R44       PT-087: declara «Estructural: no».
  ✓ FDGE-R31       PT-087: presente en DISCOVERY.md con estado canónico.
  ✓ FDGE-R34       PT-087: sin errores de cumplimiento.
  ✓ INTAKE-R08     PT-088: firmado por lote EP-018.
  ✓ FDGE-R51       PT-088: intake ligero · firma, veredicto y severidad heredados del lote.
  ✓ SUITE-R43      PT-088: sin comentarios pendientes en el issue #164.
  ✓ FDGE-R45       PT-088: evidencia e intake sin patrones de secreto conocidos.
  ✓ FDGE-R25       PT-088: self-review completo.
  ✓ FDGE-R29       PT-088: registrado en HISTORY.log.
  ✓ FDGE-R44       PT-088: declara «Estructural: no».
  ✓ FDGE-R31       PT-088: presente en DISCOVERY.md con estado canónico.
  ✓ FDGE-R34       PT-088: sin errores de cumplimiento.
  ✓ INTAKE-R08     PT-089: firmado por lote EP-018.
  ✓ FDGE-R51       PT-089: intake ligero · firma, veredicto y severidad heredados del lote.
  ✓ SUITE-R43      PT-089: sin comentarios pendientes en el issue #165.
  ✓ FDGE-R45       PT-089: evidencia e intake sin patrones de secreto conocidos.
  ✓ FDGE-R25       PT-089: self-review completo.
  ✓ FDGE-R29       PT-089: registrado en HISTORY.log.
  ✓ FDGE-R44       PT-089: declara «Estructural: no».
  ✓ FDGE-R31       PT-089: presente en DISCOVERY.md con estado canónico.
  ✓ FDGE-R34       PT-089: sin errores de cumplimiento.
  ✓ INTAKE-R08     PT-090: firmado por lote EP-018.
  ✓ FDGE-R51       PT-090: intake ligero · firma, veredicto y severidad heredados del lote.
  ✓ SUITE-R43      PT-090: sin comentarios pendientes en el issue #166.
  ✓ FDGE-R45       PT-090: evidencia e intake sin patrones de secreto conocidos.
  ✓ FDGE-R25       PT-090: self-review completo.
  ✓ FDGE-R29       PT-090: registrado en HISTORY.log.
  ✓ FDGE-R44       PT-090: declara «Estructural: no».
  ✓ FDGE-R31       PT-090: presente en DISCOVERY.md con estado canónico.
  ✓ FDGE-R34       PT-090: sin errores de cumplimiento.
  ✓ INTAKE-R08     PT-091: firmado por lote EP-018.
  ✓ FDGE-R51       PT-091: intake ligero · firma, veredicto y severidad heredados del lote.
  ✓ SUITE-R43      PT-091: sin comentarios pendientes en el issue #167.
  ✓ FDGE-R45       PT-091: evidencia e intake sin patrones de secreto conocidos.
  ✓ FDGE-R25       PT-091: self-review completo.
  ✓ FDGE-R29       PT-091: registrado en HISTORY.log.
  ✓ FDGE-R44       PT-091: declara «Estructural: no».
  ✓ FDGE-R31       PT-091: presente en DISCOVERY.md con estado canónico.
  ✓ FDGE-R34       PT-091: sin errores de cumplimiento.
  ✓ INTAKE-R08     PT-092: firmado por lote EP-018.
  ✓ FDGE-R51       PT-092: intake ligero · firma, veredicto y severidad heredados del lote.
  ✓ SUITE-R43      PT-092: sin comentarios pendientes en el issue #168.
  ✓ FDGE-R45       PT-092: evidencia e intake sin patrones de secreto conocidos.
  ✓ FDGE-R25       PT-092: self-review completo.
  ✓ FDGE-R29       PT-092: registrado en HISTORY.log.
  ✓ FDGE-R44       PT-092: declara «Estructural: no».
  ✓ FDGE-R31       PT-092: presente en REFACTOR_SCOPE.md con estado canónico.
  ✓ FDGE-R34       PT-092: sin errores de cumplimiento.
  ✓ INTAKE-R08     PT-093: firmado por lote EP-018.
  ✓ FDGE-R51       PT-093: intake ligero · firma, veredicto y severidad heredados del lote.
  ✓ SUITE-R43      PT-093: sin comentarios pendientes en el issue #169.
  ✓ FDGE-R45       PT-093: evidencia e intake sin patrones de secreto conocidos.
  ✓ FDGE-R25       PT-093: self-review completo.
  ✓ FDGE-R29       PT-093: registrado en HISTORY.log.
  ✓ FDGE-R44       PT-093: declara «Estructural: no».
  ✓ FDGE-R31       PT-093: presente en REFACTOR_SCOPE.md con estado canónico.
  ✓ FDGE-R34       PT-093: sin errores de cumplimiento.
  ✓ INTAKE-R06     PT-094: Intake firmado.
  ✓ FDGE-R19       PT-094: rama «fix/alberto-martinez/PT-094-la-rama-corrobora» declarada.
  ✓ SUITE-R43      PT-094: sin comentarios pendientes en el issue #175.
  ✓ FDGE-R45       PT-094: evidencia e intake sin patrones de secreto conocidos.
  ✓ FDGE-R25       PT-094: self-review completo.
  ✓ FDGE-R29       PT-094: registrado en HISTORY.log (con 3 corrección(es)).
  ✓ FDGE-R44       PT-094: declara «Estructural: no» en su corrección.
  ✓ FDGE-R31       PT-094: presente en DISCOVERY.md con estado canónico.
  ✓ FDGE-R34       PT-094: sin errores de cumplimiento.
  ✓ INTAKE-R06     PT-095: Intake firmado.
  ✓ FDGE-R19       PT-095: rama «fix/alberto-martinez/PT-095-una-regla-nueva-no-juzga-lo-escrito-antes» declarada.
  ✓ SUITE-R43      PT-095: sin comentarios pendientes en el issue #181.
  ✓ FDGE-R45       PT-095: evidencia e intake sin patrones de secreto conocidos.
  ✓ FDGE-R25       PT-095: self-review completo.
  ✓ FDGE-R29       PT-095: registrado en HISTORY.log (con 3 corrección(es)).
  ✓ FDGE-R44       PT-095: declara «Estructural: no» en su corrección.
  ✓ FDGE-R31       PT-095: presente en DISCOVERY.md con estado canónico.
  ✓ FDGE-R34       PT-095: sin errores de cumplimiento.
  ✓ INTAKE-R08     PT-096: firmado por lote EP-019.
  ✓ FDGE-R51       PT-096: intake ligero · firma, veredicto y severidad heredados del lote.
  ✓ FDGE-R19       PT-096: rama «bug/alberto-martinez/PT-096-un-enlace-que-falta-no-es-un-enlace-roto» declarada.
  ✓ SUITE-R43      PT-096: sin comentarios pendientes en el issue #191.
  ✓ FDGE-R45       PT-096: evidencia e intake sin patrones de secreto conocidos.
  ✓ FDGE-R25       PT-096: self-review completo.
  ✓ FDGE-R29       PT-096: registrado en HISTORY.log.
  ✓ FDGE-R44       PT-096: declara «Estructural: no».
  ✓ FDGE-R31       PT-096: presente en DISCOVERY.md con estado canónico.
  ✓ FDGE-R34       PT-096: sin errores de cumplimiento.
  ✓ INTAKE-R08     PT-097: firmado por lote EP-019.
  ✓ FDGE-R51       PT-097: intake ligero · firma, veredicto y severidad heredados del lote.
  ✓ SUITE-R43      PT-097: sin comentarios pendientes en el issue #194.
  ✓ FDGE-R45       PT-097: evidencia e intake sin patrones de secreto conocidos.
  ✓ FDGE-R25       PT-097: self-review completo.
  ✓ FDGE-R29       PT-097: registrado en HISTORY.log.
  ✓ FDGE-R44       PT-097: declara «Estructural: no».
  ✓ FDGE-R31       PT-097: presente en DISCOVERY.md con estado canónico.
  ✓ FDGE-R34       PT-097: sin errores de cumplimiento.
  ✓ INTAKE-R08     PT-098: firmado por lote EP-019.
  ✓ FDGE-R51       PT-098: intake ligero · firma, veredicto y severidad heredados del lote.
  ✓ SUITE-R43      PT-098: sin comentarios pendientes en el issue #196.
  ✓ FDGE-R45       PT-098: evidencia e intake sin patrones de secreto conocidos.
  ✓ FDGE-R25       PT-098: self-review completo.
  ✓ FDGE-R29       PT-098: registrado en HISTORY.log.
  ✓ FDGE-R44       PT-098: declara «Estructural: no».
  ✓ FDGE-R31       PT-098: presente en DISCOVERY.md con estado canónico.
  ✓ FDGE-R34       PT-098: sin errores de cumplimiento.
  ✓ INTAKE-R08     PT-099: firmado por lote EP-019.
  ✓ FDGE-R51       PT-099: intake ligero · firma, veredicto y severidad heredados del lote.
  ✓ SUITE-R43      PT-099: sin comentarios pendientes en el issue #197.
  ✓ FDGE-R45       PT-099: evidencia e intake sin patrones de secreto conocidos.
  ✓ FDGE-R25       PT-099: self-review completo.
  ✓ FDGE-R29       PT-099: registrado en HISTORY.log.
  ✓ FDGE-R44       PT-099: declara «Estructural: no».
  ✓ FDGE-R31       PT-099: presente en DISCOVERY.md con estado canónico.
  ✓ FDGE-R34       PT-099: sin errores de cumplimiento.
  ✓ INTAKE-R08     PT-100: firmado por lote EP-019.
  ✓ FDGE-R51       PT-100: intake ligero · firma, veredicto y severidad heredados del lote.
  ✓ SUITE-R43      PT-100: sin comentarios pendientes en el issue #198.
  ✓ FDGE-R45       PT-100: evidencia e intake sin patrones de secreto conocidos.
  ✓ FDGE-R25       PT-100: self-review completo.
  ✓ FDGE-R29       PT-100: registrado en HISTORY.log.
  ✓ FDGE-R44       PT-100: declara «Estructural: no».
  ✓ FDGE-R31       PT-100: presente en DISCOVERY.md con estado canónico.
  ✓ FDGE-R34       PT-100: sin errores de cumplimiento.
  ✓ INTAKE-R08     PT-101: firmado por lote EP-019.
  ✓ FDGE-R51       PT-101: intake ligero · firma, veredicto y severidad heredados del lote.
  ✓ FDGE-R19       PT-101: rama «chore/alberto-martinez/PT-097-apertura» declarada.
  ✓ SUITE-R43      PT-101: sin comentarios pendientes en el issue #199.
  ✓ FDGE-R45       PT-101: evidencia e intake sin patrones de secreto conocidos.
  ✓ FDGE-R25       PT-101: self-review completo.
  ✓ FDGE-R29       PT-101: registrado en HISTORY.log.
  ✓ FDGE-R44       PT-101: declara «Estructural: no».
  ✓ FDGE-R31       PT-101: presente en DISCOVERY.md con estado canónico.
  ✓ FDGE-R34       PT-101: sin errores de cumplimiento.
  ✓ INTAKE-R08     PT-102: firmado por lote EP-019.
  ✓ FDGE-R51       PT-102: intake ligero · firma, veredicto y severidad heredados del lote.
  ✓ FDGE-R19       PT-102: rama «chore/alberto-martinez/PT-097-apertura» declarada.
  ✓ SUITE-R43      PT-102: sin comentarios pendientes en el issue #200.
  ✓ FDGE-R45       PT-102: evidencia e intake sin patrones de secreto conocidos.
  ✓ FDGE-R25       PT-102: self-review completo.
  ✓ FDGE-R29       PT-102: registrado en HISTORY.log.
  ✓ FDGE-R44       PT-102: declara «Estructural: no».
  ✓ FDGE-R31       PT-102: presente en DISCOVERY.md con estado canónico.
  ✓ FDGE-R34       PT-102: sin errores de cumplimiento.
  ✓ INTAKE-R08     PT-103: firmado por lote EP-019.
  ✓ FDGE-R51       PT-103: intake ligero · firma, veredicto y severidad heredados del lote.
  ✓ FDGE-R19       PT-103: rama «chore/alberto-martinez/PT-097-apertura» declarada.
  ✓ SUITE-R43      PT-103: sin comentarios pendientes en el issue #201.
  ✓ FDGE-R45       PT-103: evidencia e intake sin patrones de secreto conocidos.
  ✓ FDGE-R25       PT-103: self-review completo.
  ✓ FDGE-R29       PT-103: registrado en HISTORY.log.
  ✓ FDGE-R44       PT-103: declara «Estructural: no».
  ✓ FDGE-R31       PT-103: presente en DISCOVERY.md con estado canónico.
  ✓ FDGE-R34       PT-103: sin errores de cumplimiento.
  ✓ INTAKE-R08     PT-104: firmado por lote EP-019.
  ✓ FDGE-R51       PT-104: intake ligero · firma, veredicto y severidad heredados del lote.
  ✓ FDGE-R19       PT-104: rama «chore/alberto-martinez/PT-097-apertura» declarada.
  ✓ SUITE-R43      PT-104: sin comentarios pendientes en el issue #202.
  ✓ FDGE-R45       PT-104: evidencia e intake sin patrones de secreto conocidos.
  ✓ FDGE-R25       PT-104: self-review completo.
  ✓ FDGE-R29       PT-104: registrado en HISTORY.log.
  ✓ FDGE-R44       PT-104: declara «Estructural: no».
  ✓ FDGE-R31       PT-104: presente en ENRICHMENT.md con estado canónico.
  ✓ FDGE-R34       PT-104: sin errores de cumplimiento.
  ✓ INTAKE-R08     PT-105: firmado por lote EP-019.
  ✓ FDGE-R51       PT-105: intake ligero · firma, veredicto y severidad heredados del lote.
  ✓ LEX-R08        PT-105: BUG que paso por la validacion humana obligatoria.
  ✓ FDGE-R19       PT-105: rama «chore/alberto-martinez/PT-097-apertura» declarada.
  ✓ SUITE-R43      PT-105: sin comentarios pendientes en el issue #203.
  ✓ FDGE-R45       PT-105: evidencia e intake sin patrones de secreto conocidos.
  ✓ FDGE-R25       PT-105: self-review completo.
  ✓ FDGE-R29       PT-105: registrado en HISTORY.log.
  ✓ FDGE-R44       PT-105: declara «Estructural: no».
  ✓ FDGE-R31       PT-105: presente en DISCOVERY.md con estado canónico.
  ✓ FDGE-R34       PT-105: sin errores de cumplimiento.
  ✓ INTAKE-R08     PT-106: firmado por lote EP-019.
  ✓ FDGE-R51       PT-106: intake ligero · firma, veredicto y severidad heredados del lote.
  ✓ LEX-R08        PT-106: BUG que paso por la validacion humana obligatoria.
  ✓ FDGE-R19       PT-106: rama «chore/alberto-martinez/PT-097-apertura» declarada.
  ✓ SUITE-R43      PT-106: sin comentarios pendientes en el issue #204.
  ✓ FDGE-R45       PT-106: evidencia e intake sin patrones de secreto conocidos.
  ✓ FDGE-R25       PT-106: self-review completo.
  ✓ FDGE-R29       PT-106: registrado en HISTORY.log.
  ✓ FDGE-R44       PT-106: declara «Estructural: no».
  ✓ FDGE-R31       PT-106: presente en DISCOVERY.md con estado canónico.
  ✓ FDGE-R34       PT-106: sin errores de cumplimiento.
  ✓ INTAKE-R08     PT-107: firmado por lote EP-019.
  ✓ FDGE-R51       PT-107: intake ligero · firma, veredicto y severidad heredados del lote.
  ✓ LEX-R08        PT-107: BUG que paso por la validacion humana obligatoria.
  ✓ FDGE-R19       PT-107: rama «chore/alberto-martinez/PT-097-apertura» declarada.
  ✓ SUITE-R43      PT-107: sin comentarios pendientes en el issue #205.
  ✓ FDGE-R45       PT-107: evidencia e intake sin patrones de secreto conocidos.
  ✓ FDGE-R25       PT-107: self-review completo.
  ✓ FDGE-R29       PT-107: registrado en HISTORY.log.
  ✓ FDGE-R44       PT-107: declara «Estructural: no».
  ✓ FDGE-R31       PT-107: presente en DISCOVERY.md con estado canónico.
  ✓ FDGE-R34       PT-107: sin errores de cumplimiento.
  ✓ INTAKE-R08     PT-108: firmado por lote EP-019.
  ✓ FDGE-R51       PT-108: intake ligero · firma, veredicto y severidad heredados del lote.
  ✓ LEX-R08        PT-108: BUG que paso por la validacion humana obligatoria.
  ✓ FDGE-R19       PT-108: rama «chore/alberto-martinez/PT-097-apertura» declarada.
  ✓ SUITE-R43      PT-108: sin comentarios pendientes en el issue #208.
  ✓ FDGE-R45       PT-108: evidencia e intake sin patrones de secreto conocidos.
  ✓ FDGE-R25       PT-108: self-review completo.
  ✓ FDGE-R29       PT-108: registrado en HISTORY.log.
  ✓ FDGE-R44       PT-108: declara «Estructural: no».
  ✓ FDGE-R31       PT-108: presente en DISCOVERY.md con estado canónico.
  ✓ FDGE-R34       PT-108: sin errores de cumplimiento.
  ✓ INTAKE-R08     PT-109: firmado por lote EP-019.
  ✓ FDGE-R51       PT-109: intake ligero · firma, veredicto y severidad heredados del lote.
  ✓ LEX-R08        PT-109: BUG que paso por la validacion humana obligatoria.
  ✓ FDGE-R19       PT-109: rama «chore/alberto-martinez/PT-097-apertura» declarada.
  ✓ SUITE-R43      PT-109: sin comentarios pendientes en el issue #209.
  ✓ FDGE-R45       PT-109: evidencia e intake sin patrones de secreto conocidos.
  ✓ FDGE-R25       PT-109: self-review completo.
  ✓ FDGE-R29       PT-109: registrado en HISTORY.log.
  ✓ FDGE-R44       PT-109: declara «Estructural: no».
  ✓ FDGE-R31       PT-109: presente en DISCOVERY.md con estado canónico.
  ✓ FDGE-R34       PT-109: sin errores de cumplimiento.
  ✓ INTAKE-R08     PT-110: firmado por lote EP-019.
  ✓ FDGE-R51       PT-110: intake ligero · firma, veredicto y severidad heredados del lote.
  ✓ LEX-R08        PT-110: BUG que paso por la validacion humana obligatoria.
  ✓ FDGE-R19       PT-110: rama «chore/alberto-martinez/PT-097-apertura» declarada.
  ✓ SUITE-R43      PT-110: sin comentarios pendientes en el issue #210.
  ✓ FDGE-R45       PT-110: evidencia e intake sin patrones de secreto conocidos.
  ✓ FDGE-R25       PT-110: self-review completo.
  ✓ FDGE-R29       PT-110: registrado en HISTORY.log.
  ✓ FDGE-R44       PT-110: declara «Estructural: no».
  ✓ FDGE-R31       PT-110: presente en DISCOVERY.md con estado canónico.
  ✓ FDGE-R34       PT-110: sin errores de cumplimiento.
  ✓ INTAKE-R08     PT-111: firmado por lote EP-019.
  ✓ FDGE-R51       PT-111: intake ligero · firma, veredicto y severidad heredados del lote.
  ✓ LEX-R08        PT-111: BUG que paso por la validacion humana obligatoria.
  ✓ FDGE-R19       PT-111: rama «chore/alberto-martinez/PT-097-apertura» declarada.
  ✓ SUITE-R43      PT-111: sin comentarios pendientes en el issue #211.
  ✓ FDGE-R45       PT-111: evidencia e intake sin patrones de secreto conocidos.
  ✓ FDGE-R25       PT-111: self-review completo.
  ✓ FDGE-R29       PT-111: registrado en HISTORY.log.
  ✓ FDGE-R44       PT-111: declara «Estructural: no».
  ✓ FDGE-R31       PT-111: presente en DISCOVERY.md con estado canónico.
  ✓ FDGE-R34       PT-111: sin errores de cumplimiento.
  ✓ INTAKE-R08     PT-112: firmado por lote EP-019.
  ✓ FDGE-R51       PT-112: intake ligero · firma, veredicto y severidad heredados del lote.
  ✓ LEX-R08        PT-112: BUG que paso por la validacion humana obligatoria.
  ✓ FDGE-R19       PT-112: rama «chore/alberto-martinez/PT-097-apertura» declarada.
  ✓ SUITE-R43      PT-112: sin comentarios pendientes en el issue #212.
  ✓ FDGE-R45       PT-112: evidencia e intake sin patrones de secreto conocidos.
  ✓ FDGE-R25       PT-112: self-review completo.
  ✓ FDGE-R29       PT-112: registrado en HISTORY.log.
  ✓ FDGE-R44       PT-112: declara «Estructural: no».
  ✓ FDGE-R31       PT-112: presente en DISCOVERY.md con estado canónico.
  ✓ FDGE-R34       PT-112: sin errores de cumplimiento.
  ✓ INTAKE-R08     PT-113: firmado por lote EP-020.
  ✓ FDGE-R51       PT-113: intake ligero · firma, veredicto y severidad heredados del lote.
  ✓ SUITE-R43      PT-113: sin comentarios pendientes en el issue #217.
  ✓ FDGE-R15       PT-113: 1 criterio(s) CAIDO con motivo, y ninguno cuenta como verificado.
  ✓ FDGE-R45       PT-113: evidencia e intake sin patrones de secreto conocidos.
  ✓ FDGE-R25       PT-113: self-review completo.
  ✓ FDGE-R29       PT-113: registrado en HISTORY.log.
  ✓ FDGE-R44       PT-113: declara «Estructural: no».
  ✓ FDGE-R31       PT-113: presente en DISCOVERY.md con estado canónico.
  ✓ FDGE-R34       PT-113: sin errores de cumplimiento.
  ✓ INTAKE-R08     PT-114: firmado por lote EP-020.
  ✓ FDGE-R51       PT-114: intake ligero · firma, veredicto y severidad heredados del lote.
  ✓ LEX-R08        PT-114: BUG que paso por la validacion humana obligatoria.
  ✓ SUITE-R43      PT-114: sin comentarios pendientes en el issue #232.
  ✓ FDGE-R45       PT-114: evidencia e intake sin patrones de secreto conocidos.
  ✓ FDGE-R25       PT-114: self-review completo.
  ✓ FDGE-R29       PT-114: registrado en HISTORY.log.
  ✓ FDGE-R44       PT-114: declara «Estructural: no».
  ✓ FDGE-R31       PT-114: presente en DISCOVERY.md con estado canónico.
  ✓ FDGE-R34       PT-114: sin errores de cumplimiento.
  ✓ INTAKE-R08     PT-115: firmado por lote EP-020.
  ✓ FDGE-R51       PT-115: intake ligero · firma, veredicto y severidad heredados del lote.
  ✓ SUITE-R43      PT-115: sin comentarios pendientes en el issue #233.
  ✓ FDGE-R45       PT-115: evidencia e intake sin patrones de secreto conocidos.
  ✓ FDGE-R25       PT-115: self-review completo.
  ✓ FDGE-R29       PT-115: registrado en HISTORY.log.
  ✓ FDGE-R44       PT-115: declara «Estructural: si».
  ✓ FDGE-R31       PT-115: presente en ENRICHMENT.md con estado canónico.
  ✓ FDGE-R34       PT-115: sin errores de cumplimiento.
  ✓ INTAKE-R08     PT-116: firmado por lote EP-020.
  ✓ FDGE-R51       PT-116: intake ligero · firma, veredicto y severidad heredados del lote.
  ✓ SUITE-R43      PT-116: sin comentarios pendientes en el issue #234.
  ✓ FDGE-R45       PT-116: evidencia e intake sin patrones de secreto conocidos.
  ✓ FDGE-R25       PT-116: self-review completo.
  ✓ FDGE-R29       PT-116: registrado en HISTORY.log.
  ✓ FDGE-R44       PT-116: declara «Estructural: no».
  ✓ FDGE-R31       PT-116: presente en ENRICHMENT.md con estado canónico.
  ✓ FDGE-R34       PT-116: sin errores de cumplimiento.
  ✓ INTAKE-R08     PT-117: firmado por lote EP-020.
  ✓ FDGE-R51       PT-117: intake ligero · firma, veredicto y severidad heredados del lote.
  ✓ SUITE-R43      PT-117: sin comentarios pendientes en el issue #235.
  ✓ FDGE-R45       PT-117: evidencia e intake sin patrones de secreto conocidos.
  ✓ FDGE-R25       PT-117: self-review completo.
  ✓ FDGE-R29       PT-117: registrado en HISTORY.log.
  ✓ FDGE-R44       PT-117: declara «Estructural: no».
  ✓ FDGE-R31       PT-117: presente en ENRICHMENT.md con estado canónico.
  ✓ FDGE-R34       PT-117: sin errores de cumplimiento.
  ✓ INTAKE-R08     PT-118: firmado por lote EP-020.
  ✓ FDGE-R51       PT-118: intake ligero · firma, veredicto y severidad heredados del lote.
  ✓ FDGE-R19       PT-118: rama «chore/alberto-martinez/PT-113-apertura» declarada.
  ✓ SUITE-R43      PT-118: sin comentarios pendientes en el issue #236.
  ✓ FDGE-R45       PT-118: evidencia e intake sin patrones de secreto conocidos.
  ✓ FDGE-R25       PT-118: self-review completo.
  ✓ FDGE-R29       PT-118: registrado en HISTORY.log.
  ✓ LEX-R31        PT-118: declara «Clase de evento: CE-008».
  ✓ FDGE-R44       PT-118: declara «Estructural: NO».
  ✓ FDGE-R31       PT-118: presente en ENRICHMENT.md con estado canónico.
  ✓ FDGE-R34       PT-118: sin errores de cumplimiento.
  ✓ INTAKE-R08     PT-119: firmado por lote EP-020.
  ✓ FDGE-R51       PT-119: intake ligero · firma, veredicto y severidad heredados del lote.
  ✓ FDGE-R19       PT-119: rama «chore/alberto-martinez/PT-113-apertura» declarada.
  ✓ SUITE-R43      PT-119: sin comentarios pendientes en el issue #237.
  ✓ FDGE-R45       PT-119: evidencia e intake sin patrones de secreto conocidos.
  ✓ FDGE-R25       PT-119: self-review completo.
  ✓ FDGE-R29       PT-119: registrado en HISTORY.log.
  ✓ LEX-R31        PT-119: declara «Clase de evento: CE-002».
  ✓ FDGE-R44       PT-119: declara «Estructural: si».
  ✓ FDGE-R31       PT-119: presente en ENRICHMENT.md con estado canónico.
  ✓ FDGE-R34       PT-119: sin errores de cumplimiento.
  ✓ INTAKE-R08     PT-120: firmado por lote EP-020.
  ✓ FDGE-R51       PT-120: intake ligero · firma, veredicto y severidad heredados del lote.
  ✓ LEX-R08        PT-120: BUG que paso por la validacion humana obligatoria.
  ✓ SUITE-R43      PT-120: sin comentarios pendientes en el issue #238.
  ✓ FDGE-R45       PT-120: evidencia e intake sin patrones de secreto conocidos.
  ✓ FDGE-R25       PT-120: self-review completo.
  ✓ FDGE-R29       PT-120: registrado en HISTORY.log.
  ✓ FDGE-R44       PT-120: declara «Estructural: no».
  ✓ FDGE-R31       PT-120: presente en DISCOVERY.md con estado canónico.
  ✓ FDGE-R34       PT-120: sin errores de cumplimiento.
  ✓ INTAKE-R08     PT-121: firmado por lote EP-020.
  ✓ FDGE-R51       PT-121: intake ligero · firma, veredicto y severidad heredados del lote.
  ✓ LEX-R08        PT-121: BUG que paso por la validacion humana obligatoria.
  ✓ FDGE-R19       PT-121: rama «chore/alberto-martinez/PT-113-apertura» declarada.
  ✓ SUITE-R43      PT-121: sin comentarios pendientes en el issue #239.
  ✓ FDGE-R45       PT-121: evidencia e intake sin patrones de secreto conocidos.
  ✓ FDGE-R25       PT-121: self-review completo.
  ✓ FDGE-R29       PT-121: registrado en HISTORY.log (con 1 corrección(es)).
  ✓ LEX-R31        PT-121: declara «Clase de evento: CE-006».
  ✓ FDGE-R44       PT-121: declara «Estructural: no».
  ✓ FDGE-R31       PT-121: presente en DISCOVERY.md con estado canónico.
  ✓ FDGE-R34       PT-121: sin errores de cumplimiento.
  ✓ INTAKE-R08     PT-122: firmado por lote EP-020.
  ✓ FDGE-R51       PT-122: intake ligero · firma, veredicto y severidad heredados del lote.
  ✓ LEX-R08        PT-122: BUG que paso por la validacion humana obligatoria.
  ✓ FDGE-R19       PT-122: rama «chore/alberto-martinez/PT-113-apertura» declarada.
  ✓ SUITE-R43      PT-122: sin comentarios pendientes en el issue #240.
  ✓ FDGE-R45       PT-122: evidencia e intake sin patrones de secreto conocidos.
  ✓ FDGE-R25       PT-122: self-review completo.
  ✓ FDGE-R29       PT-122: registrado en HISTORY.log.
  ✓ LEX-R31        PT-122: declara «Clase de evento: CE-006».
  ✓ FDGE-R44       PT-122: declara «Estructural: no».
  ✓ FDGE-R31       PT-122: presente en DISCOVERY.md con estado canónico.
  ✓ FDGE-R34       PT-122: sin errores de cumplimiento.
  ✓ INTAKE-R08     PT-123: firmado por lote EP-020.
  ✓ FDGE-R51       PT-123: intake ligero · firma, veredicto y severidad heredados del lote.
  ✓ LEX-R08        PT-123: BUG que paso por la validacion humana obligatoria.
  ✓ SUITE-R43      PT-123: sin comentarios pendientes en el issue #241.
  ✓ FDGE-R45       PT-123: evidencia e intake sin patrones de secreto conocidos.
  ✓ FDGE-R25       PT-123: self-review completo.
  ✓ FDGE-R29       PT-123: registrado en HISTORY.log.
  ✓ FDGE-R44       PT-123: declara «Estructural: no».
  ✓ FDGE-R31       PT-123: presente en DISCOVERY.md con estado canónico.
  ✓ FDGE-R34       PT-123: sin errores de cumplimiento.
  ✓ INTAKE-R08     PT-124: firmado por lote EP-020.
  ✓ FDGE-R51       PT-124: intake ligero · firma, veredicto y severidad heredados del lote.
  ✓ LEX-R08        PT-124: BUG que paso por la validacion humana obligatoria.
  ✓ SUITE-R43      PT-124: sin comentarios pendientes en el issue #242.
  ✓ FDGE-R45       PT-124: evidencia e intake sin patrones de secreto conocidos.
  ✓ FDGE-R25       PT-124: self-review completo.
  ✓ FDGE-R29       PT-124: registrado en HISTORY.log.
  ✓ FDGE-R44       PT-124: declara «Estructural: no».
  ✓ FDGE-R31       PT-124: presente en DISCOVERY.md con estado canónico.
  ✓ FDGE-R34       PT-124: sin errores de cumplimiento.
  ✓ INTAKE-R08     PT-125: firmado por lote EP-020.
  ✓ FDGE-R51       PT-125: intake ligero · firma, veredicto y severidad heredados del lote.
  ✓ FDGE-R19       PT-125: rama «chore/alberto-martinez/PT-113-apertura» declarada.
  ✓ SUITE-R43      PT-125: sin comentarios pendientes en el issue #243.
  ✓ FDGE-R42       PT-125: investigación con conclusión documentada.
  ✓ FDGE-R29       PT-125: registrado en HISTORY.log.
  ✓ FDGE-R44       PT-125: declara «Estructural: si».
  ✓ FDGE-R31       PT-125: presente en DISCOVERY.md con estado canónico.
  ✓ FDGE-R10       PT-125: INVESTIGATION verificada (exenta de FDGE-R15 y FDGE-R23).
  ✓ INTAKE-R08     PT-126: firmado por lote EP-020.
  ✓ FDGE-R51       PT-126: intake ligero · firma, veredicto y severidad heredados del lote.
  ✓ FDGE-R19       PT-126: rama «chore/alberto-martinez/PT-113-apertura» declarada.
  ✓ SUITE-R43      PT-126: sin comentarios pendientes en el issue #244.
  ✓ FDGE-R45       PT-126: evidencia e intake sin patrones de secreto conocidos.
  ✓ FDGE-R25       PT-126: self-review completo.
  ✓ FDGE-R29       PT-126: registrado en HISTORY.log.
  ✓ LEX-R31        PT-126: declara «Clase de evento: CE-007».
  ✓ FDGE-R44       PT-126: declara «Estructural: no».
  ✓ FDGE-R31       PT-126: presente en REFACTOR_SCOPE.md con estado canónico.
  ✓ FDGE-R34       PT-126: sin errores de cumplimiento.
  ✓ INTAKE-R08     PT-127: firmado por lote EP-020.
  ✓ FDGE-R51       PT-127: intake ligero · firma, veredicto y severidad heredados del lote.
  ✓ LEX-R08        PT-127: BUG que paso por la validacion humana obligatoria.
  ✓ FDGE-R19       PT-127: rama «chore/alberto-martinez/PT-113-apertura» declarada.
  ✓ SUITE-R43      PT-127: sin comentarios pendientes en el issue #245.
  ✓ FDGE-R45       PT-127: evidencia e intake sin patrones de secreto conocidos.
  ✓ FDGE-R25       PT-127: self-review completo.
  ✓ FDGE-R29       PT-127: registrado en HISTORY.log.
  ✓ FDGE-R44       PT-127: declara «Estructural: NO».
  ✓ FDGE-R31       PT-127: presente en DISCOVERY.md con estado canónico.
  ✓ FDGE-R34       PT-127: sin errores de cumplimiento.
  ✓ INTAKE-R08     PT-128: firmado por lote EP-020.
  ✓ FDGE-R51       PT-128: intake ligero · firma, veredicto y severidad heredados del lote.
  ✓ SUITE-R43      PT-128: sin comentarios pendientes en el issue #246.
  ✓ FDGE-R45       PT-128: evidencia e intake sin patrones de secreto conocidos.
  ✓ FDGE-R25       PT-128: self-review completo.
  ✓ FDGE-R29       PT-128: registrado en HISTORY.log (con 1 corrección(es)).
  ✓ FDGE-R44       PT-128: declara «Estructural: SI».
  ✓ FDGE-R31       PT-128: presente en ENRICHMENT.md con estado canónico.
  ✓ FDGE-R34       PT-128: sin errores de cumplimiento.
  ✓ INTAKE-R08     PT-129: firmado por lote EP-020.
  ✓ FDGE-R51       PT-129: intake ligero · firma, veredicto y severidad heredados del lote.
  ✓ LEX-R08        PT-129: BUG que paso por la validacion humana obligatoria.
  ✓ FDGE-R19       PT-129: rama «chore/alberto-martinez/PT-113-apertura» declarada.
  ✓ SUITE-R43      PT-129: sin comentarios pendientes en el issue #249.
  ✓ FDGE-R45       PT-129: evidencia e intake sin patrones de secreto conocidos.
  ✓ FDGE-R25       PT-129: self-review completo.
  ✓ FDGE-R29       PT-129: registrado en HISTORY.log.
  ✓ FDGE-R44       PT-129: declara «Estructural: si».
  ✓ FDGE-R31       PT-129: presente en DISCOVERY.md con estado canónico.
  ✓ FDGE-R34       PT-129: sin errores de cumplimiento.
  ✓ INTAKE-R08     PT-130: firmado por lote EP-020.
  ✓ FDGE-R51       PT-130: intake ligero · firma, veredicto y severidad heredados del lote.
  ✓ LEX-R08        PT-130: BUG que paso por la validacion humana obligatoria.
  ✓ FDGE-R19       PT-130: rama «chore/alberto-martinez/PT-113-apertura» declarada.
  ✓ SUITE-R43      PT-130: sin comentarios pendientes en el issue #250.
  ✓ FDGE-R45       PT-130: evidencia e intake sin patrones de secreto conocidos.
  ✓ FDGE-R25       PT-130: self-review completo.
  ✓ FDGE-R29       PT-130: registrado en HISTORY.log.
  ✓ LEX-R31        PT-130: declara «Clase de evento: CE-017».
  ✓ FDGE-R44       PT-130: declara «Estructural: no».
  ✓ FDGE-R31       PT-130: presente en DISCOVERY.md con estado canónico.
  ✓ FDGE-R34       PT-130: sin errores de cumplimiento.
  ✓ INTAKE-R08     PT-131: firmado por lote EP-020.
  ✓ FDGE-R51       PT-131: intake ligero · firma, veredicto y severidad heredados del lote.
  ✓ LEX-R08        PT-131: BUG que paso por la validacion humana obligatoria.
  ✓ FDGE-R19       PT-131: rama «chore/alberto-martinez/PT-113-apertura» declarada.
  ✓ SUITE-R43      PT-131: sin comentarios pendientes en el issue #252.
  ✓ FDGE-R45       PT-131: evidencia e intake sin patrones de secreto conocidos.
  ✓ FDGE-R25       PT-131: self-review completo.
  ✓ FDGE-R29       PT-131: registrado en HISTORY.log.
  ✓ FDGE-R44       PT-131: declara «Estructural: no».
  ✓ FDGE-R31       PT-131: presente en DISCOVERY.md con estado canónico.
  ✓ FDGE-R34       PT-131: sin errores de cumplimiento.
  ✓ INTAKE-R08     PT-132: firmado por lote EP-020.
  ✓ FDGE-R51       PT-132: intake ligero · firma, veredicto y severidad heredados del lote.
  ✓ LEX-R08        PT-132: BUG que paso por la validacion humana obligatoria.
  ✓ SUITE-R43      PT-132: sin comentarios pendientes en el issue #253.
  ✓ FDGE-R45       PT-132: evidencia e intake sin patrones de secreto conocidos.
  ✓ FDGE-R25       PT-132: self-review completo.
  ✓ FDGE-R29       PT-132: registrado en HISTORY.log.
  ✓ FDGE-R44       PT-132: declara «Estructural: no».
  ✓ FDGE-R31       PT-132: presente en DISCOVERY.md con estado canónico.
  ✓ FDGE-R34       PT-132: sin errores de cumplimiento.
  ✓ INTAKE-R08     PT-133: firmado por lote EP-020.
  ✓ FDGE-R51       PT-133: intake ligero · firma, veredicto y severidad heredados del lote.
  ✓ FDGE-R55       PT-133: nace de la parada de PT-117 · motivo hallazgo.
  ✓ LEX-R08        PT-133: BUG que paso por la validacion humana obligatoria.
  ✓ SUITE-R43      PT-133: sin comentarios pendientes en el issue #254.
  ✓ FDGE-R45       PT-133: evidencia e intake sin patrones de secreto conocidos.
  ✓ FDGE-R25       PT-133: self-review completo.
  ✓ FDGE-R29       PT-133: registrado en HISTORY.log.
  ✓ FDGE-R44       PT-133: declara «Estructural: no».
  ✓ FDGE-R31       PT-133: presente en DISCOVERY.md con estado canónico.
  ✓ FDGE-R34       PT-133: sin errores de cumplimiento.
  ✓ INTAKE-R08     PT-134: firmado por lote EP-021.
  ✓ FDGE-R51       PT-134: intake ligero · firma, veredicto y severidad heredados del lote.
  ✓ FDGE-R55       PT-134: nace de la parada de PT-113 · motivo hallazgo.
  ✓ SUITE-R43      PT-134: sin comentarios pendientes en el issue #255.
  ✓ FDGE-R45       PT-134: evidencia e intake sin patrones de secreto conocidos.
  ✓ FDGE-R25       PT-134: self-review completo.
  ✓ FDGE-R29       PT-134: registrado en HISTORY.log.
  ✓ LEX-R31        PT-134: declara «Clase de evento: CE-005».
  ✓ FDGE-R44       PT-134: declara «Estructural: no».
  ✓ FDGE-R31       PT-134: presente en REFACTOR_SCOPE.md con estado canónico.
  ✓ FDGE-R34       PT-134: sin errores de cumplimiento.
  ✓ INTAKE-R08     PT-135: firmado por lote EP-020.
  ✓ FDGE-R51       PT-135: intake ligero · firma, veredicto y severidad heredados del lote.
  ✓ FDGE-R55       PT-135: nace de la parada de PT-118 · motivo hallazgo.
  ✓ LEX-R08        PT-135: BUG que paso por la validacion humana obligatoria.
  ✓ FDGE-R19       PT-135: rama «chore/alberto-martinez/PT-113-apertura» declarada.
  ✓ SUITE-R43      PT-135: sin comentarios pendientes en el issue #256.
  ✓ FDGE-R45       PT-135: evidencia e intake sin patrones de secreto conocidos.
  ✓ FDGE-R25       PT-135: self-review completo.
  ✓ FDGE-R29       PT-135: registrado en HISTORY.log (con 1 corrección(es)).
  ✓ LEX-R31        PT-135: declara «Clase de evento: CE-004».
  ✓ FDGE-R44       PT-135: declara «Estructural: no».
  ✓ FDGE-R31       PT-135: presente en DISCOVERY.md con estado canónico.
  ✓ FDGE-R34       PT-135: sin errores de cumplimiento.
  ✓ INTAKE-R08     PT-136: firmado por lote EP-020.
  ✓ FDGE-R51       PT-136: intake ligero · firma, veredicto y severidad heredados del lote.
  ✓ FDGE-R55       PT-136: nace de la parada de PT-122 · motivo hallazgo.
  ✓ LEX-R08        PT-136: BUG que paso por la validacion humana obligatoria.
  ✓ FDGE-R19       PT-136: rama «chore/alberto-martinez/PT-113-apertura» declarada.
  ✓ SUITE-R43      PT-136: sin comentarios pendientes en el issue #257.
  ✓ FDGE-R45       PT-136: evidencia e intake sin patrones de secreto conocidos.
  ✓ FDGE-R25       PT-136: self-review completo.
  ✓ FDGE-R29       PT-136: registrado en HISTORY.log.
  ✓ LEX-R31        PT-136: declara «Clase de evento: CE-006».
  ✓ FDGE-R44       PT-136: declara «Estructural: no».
  ✓ FDGE-R31       PT-136: presente en DISCOVERY.md con estado canónico.
  ✓ FDGE-R34       PT-136: sin errores de cumplimiento.
  ✓ INTAKE-R08     PT-137: firmado por lote EP-021.
  ✓ FDGE-R51       PT-137: intake ligero · firma, veredicto y severidad heredados del lote.
  ✓ FDGE-R55       PT-137: nace de la parada de EP-021 · motivo abre-trabajo.
  ✓ LEX-R08        PT-137: BUG que paso por la validacion humana obligatoria.
  ✓ SUITE-R43      PT-137: sin comentarios pendientes en el issue #263.
  ✓ FDGE-R45       PT-137: evidencia e intake sin patrones de secreto conocidos.
  ✓ FDGE-R25       PT-137: self-review completo.
  ✓ FDGE-R29       PT-137: registrado en HISTORY.log.
  ✓ LEX-R31        PT-137: declara «Clase de evento: CE-006».
  ✓ FDGE-R44       PT-137: declara «Estructural: no».
  ✓ FDGE-R31       PT-137: presente en DISCOVERY.md con estado canónico.
  ✓ FDGE-R34       PT-137: sin errores de cumplimiento.
  ✓ INTAKE-R08     PT-138: firmado por lote EP-021.
  ✓ FDGE-R51       PT-138: intake ligero · firma, veredicto y severidad heredados del lote.
  ✓ FDGE-R55       PT-138: nace de la parada de EP-021 · motivo abre-trabajo.
  ✓ LEX-R08        PT-138: BUG que paso por la validacion humana obligatoria.
  ✓ SUITE-R43      PT-138: sin comentarios pendientes en el issue #264.
  ✓ FDGE-R45       PT-138: evidencia e intake sin patrones de secreto conocidos.
  ✓ FDGE-R25       PT-138: self-review completo.
  ✓ FDGE-R29       PT-138: registrado en HISTORY.log.
  ✓ LEX-R31        PT-138: declara «Clase de evento: CE-006».
  ✓ FDGE-R44       PT-138: declara «Estructural: no».
  ✓ FDGE-R31       PT-138: presente en DISCOVERY.md con estado canónico.
  ✓ FDGE-R34       PT-138: sin errores de cumplimiento.
  ✓ INTAKE-R08     PT-139: firmado por lote EP-021.
  ✓ FDGE-R51       PT-139: intake ligero · firma, veredicto y severidad heredados del lote.
  ✓ FDGE-R55       PT-139: nace de la parada de EP-021 · motivo abre-trabajo.
  ✓ LEX-R08        PT-139: BUG que paso por la validacion humana obligatoria.
  ✓ SUITE-R43      PT-139: sin comentarios pendientes en el issue #265.
  ✓ FDGE-R45       PT-139: evidencia e intake sin patrones de secreto conocidos.
  ✓ FDGE-R25       PT-139: self-review completo.
  ✓ FDGE-R29       PT-139: registrado en HISTORY.log.
  ✓ LEX-R31        PT-139: declara «Clase de evento: CE-007».
  ✓ FDGE-R44       PT-139: declara «Estructural: no».
  ✓ FDGE-R31       PT-139: presente en DISCOVERY.md con estado canónico.
  ✓ FDGE-R34       PT-139: sin errores de cumplimiento.
  ✓ INTAKE-R08     PT-140: firmado por lote EP-021.
  ✓ FDGE-R51       PT-140: intake ligero · firma, veredicto y severidad heredados del lote.
  ✓ FDGE-R55       PT-140: nace de la parada de EP-021 · motivo abre-trabajo.
  ✓ LEX-R08        PT-140: BUG que paso por la validacion humana obligatoria.
  ✓ SUITE-R43      PT-140: sin comentarios pendientes en el issue #266.
  ✓ FDGE-R45       PT-140: evidencia e intake sin patrones de secreto conocidos.
  ✓ FDGE-R25       PT-140: self-review completo.
  ✓ FDGE-R29       PT-140: registrado en HISTORY.log.
  ✓ LEX-R31        PT-140: declara «Clase de evento: CE-005».
  ✓ FDGE-R44       PT-140: declara «Estructural: no».
  ✓ FDGE-R31       PT-140: presente en DISCOVERY.md con estado canónico.
  ✓ FDGE-R34       PT-140: sin errores de cumplimiento.
  ✓ INTAKE-R08     PT-141: firmado por lote EP-021.
  ✓ FDGE-R51       PT-141: intake ligero · firma, veredicto y severidad heredados del lote.
  ✓ FDGE-R55       PT-141: nace de la parada de EP-021 · motivo abre-trabajo.
  ✓ LEX-R08        PT-141: BUG que paso por la validacion humana obligatoria.
  ✓ SUITE-R43      PT-141: sin comentarios pendientes en el issue #267.
  ✓ FDGE-R45       PT-141: evidencia e intake sin patrones de secreto conocidos.
  ✓ FDGE-R25       PT-141: self-review completo.
  ✓ FDGE-R29       PT-141: registrado en HISTORY.log.
  ✓ LEX-R31        PT-141: declara «Clase de evento: CE-005».
  ✓ FDGE-R44       PT-141: declara «Estructural: no».
  ✓ FDGE-R31       PT-141: presente en DISCOVERY.md con estado canónico.
  ✓ FDGE-R34       PT-141: sin errores de cumplimiento.
  ✓ INTAKE-R08     PT-142: firmado por lote EP-021.
  ✓ FDGE-R51       PT-142: intake ligero · firma, veredicto y severidad heredados del lote.
  ✓ FDGE-R55       PT-142: nace de la parada de EP-021 · motivo abre-trabajo.
  ✓ LEX-R08        PT-142: BUG que paso por la validacion humana obligatoria.
  ✓ SUITE-R43      PT-142: sin comentarios pendientes en el issue #268.
  ✓ FDGE-R45       PT-142: evidencia e intake sin patrones de secreto conocidos.
  ✓ FDGE-R25       PT-142: self-review completo.
  ✓ FDGE-R29       PT-142: registrado en HISTORY.log.
  ✓ LEX-R31        PT-142: declara «Clase de evento: CE-007».
  ✓ FDGE-R44       PT-142: declara «Estructural: no».
  ✓ FDGE-R31       PT-142: presente en DISCOVERY.md con estado canónico.
  ✓ FDGE-R34       PT-142: sin errores de cumplimiento.
  ✓ INTAKE-R08     PT-143: firmado por lote EP-021.
  ✓ FDGE-R51       PT-143: intake ligero · firma, veredicto y severidad heredados del lote.
  ✓ FDGE-R55       PT-143: nace de la parada de EP-021 · motivo abre-trabajo.
  ✓ LEX-R08        PT-143: BUG que paso por la validacion humana obligatoria.
  ✓ SUITE-R43      PT-143: sin comentarios pendientes en el issue #269.
  ✓ FDGE-R45       PT-143: evidencia e intake sin patrones de secreto conocidos.
  ✓ FDGE-R25       PT-143: self-review completo.
  ✓ FDGE-R29       PT-143: registrado en HISTORY.log.
  ✓ LEX-R31        PT-143: declara «Clase de evento: CE-003».
  ✓ FDGE-R44       PT-143: declara «Estructural: no».
  ✓ FDGE-R31       PT-143: presente en DISCOVERY.md con estado canónico.
  ✓ FDGE-R34       PT-143: sin errores de cumplimiento.
  ✓ INTAKE-R08     PT-144: firmado por lote EP-022.
  ✓ FDGE-R51       PT-144: intake ligero · firma, veredicto y severidad heredados del lote.
  ✓ FDGE-R55       PT-144: nace de la parada de EP-022 · motivo abre-trabajo.
  ✓ SUITE-R43      PT-144: sin comentarios pendientes en el issue #279.
  ✓ FDGE-R45       PT-144: evidencia e intake sin patrones de secreto conocidos.
  ✓ FDGE-R25       PT-144: self-review completo.
  ✓ FDGE-R29       PT-144: registrado en HISTORY.log.
  ✓ FDGE-R44       PT-144: declara «Estructural: no».
  ✓ FDGE-R31       PT-144: presente en REFACTOR_SCOPE.md con estado canónico.
  ✓ FDGE-R34       PT-144: sin errores de cumplimiento.
  ✓ INTAKE-R08     PT-145: firmado por lote EP-022.
  ✓ FDGE-R51       PT-145: intake ligero · firma, veredicto y severidad heredados del lote.
  ✓ FDGE-R55       PT-145: nace de la parada de EP-022 · motivo abre-trabajo.
  ✓ SUITE-R43      PT-145: sin comentarios pendientes en el issue #280.
  ✓ FDGE-R45       PT-145: evidencia e intake sin patrones de secreto conocidos.
  ✓ FDGE-R25       PT-145: self-review completo.
  ✓ FDGE-R29       PT-145: registrado en HISTORY.log.
  ✓ FDGE-R44       PT-145: declara «Estructural: no».
  ✓ FDGE-R31       PT-145: presente en REFACTOR_SCOPE.md con estado canónico.
  ✓ FDGE-R34       PT-145: sin errores de cumplimiento.
  ✓ INTAKE-R08     PT-146: firmado por lote EP-022.
  ✓ FDGE-R51       PT-146: intake ligero · firma, veredicto y severidad heredados del lote.
  ✓ FDGE-R55       PT-146: nace de la parada de EP-022 · motivo abre-trabajo.
  ✓ SUITE-R43      PT-146: sin comentarios pendientes en el issue #281.
  ✓ FDGE-R45       PT-146: evidencia e intake sin patrones de secreto conocidos.
  ✓ FDGE-R25       PT-146: self-review completo.
  ✓ FDGE-R29       PT-146: registrado en HISTORY.log.
  ✓ FDGE-R44       PT-146: declara «Estructural: no».
  ✓ FDGE-R31       PT-146: presente en REFACTOR_SCOPE.md con estado canónico.
  ✓ FDGE-R34       PT-146: sin errores de cumplimiento.
  ✓ INTAKE-R08     PT-147: firmado por lote EP-022.
  ✓ FDGE-R51       PT-147: intake ligero · firma, veredicto y severidad heredados del lote.
  ✓ FDGE-R55       PT-147: nace de la parada de EP-022 · motivo abre-trabajo.
  ✓ SUITE-R43      PT-147: sin comentarios pendientes en el issue #282.
  ✓ FDGE-R45       PT-147: evidencia e intake sin patrones de secreto conocidos.
  ✓ FDGE-R25       PT-147: self-review completo.
  ✓ FDGE-R29       PT-147: registrado en HISTORY.log.
  ✓ FDGE-R44       PT-147: declara «Estructural: no».
  ✓ FDGE-R31       PT-147: presente en REFACTOR_SCOPE.md con estado canónico.
  ✓ FDGE-R34       PT-147: sin errores de cumplimiento.
  ✓ INTAKE-R08     PT-148: firmado por lote EP-022.
  ✓ FDGE-R51       PT-148: intake ligero · firma, veredicto y severidad heredados del lote.
  ✓ FDGE-R55       PT-148: nace de la parada de EP-022 · motivo abre-trabajo.
  ✓ SUITE-R43      PT-148: sin comentarios pendientes en el issue #283.
  ✓ FDGE-R45       PT-148: evidencia e intake sin patrones de secreto conocidos.
  ✓ FDGE-R25       PT-148: self-review completo.
  ✓ FDGE-R29       PT-148: registrado en HISTORY.log.
  ✓ FDGE-R44       PT-148: declara «Estructural: no».
  ✓ FDGE-R31       PT-148: presente en REFACTOR_SCOPE.md con estado canónico.
  ✓ FDGE-R34       PT-148: sin errores de cumplimiento.
  ✓ INTAKE-R08     PT-149: firmado por lote EP-022.
  ✓ FDGE-R51       PT-149: intake ligero · firma, veredicto y severidad heredados del lote.
  ✓ FDGE-R55       PT-149: nace de la parada de EP-022 · motivo abre-trabajo.
  ✓ SUITE-R43      PT-149: sin comentarios pendientes en el issue #284.
  ✓ FDGE-R45       PT-149: evidencia e intake sin patrones de secreto conocidos.
  ✓ FDGE-R25       PT-149: self-review completo.
  ✓ FDGE-R29       PT-149: registrado en HISTORY.log.
  ✓ FDGE-R44       PT-149: declara «Estructural: no».
  ✓ FDGE-R31       PT-149: presente en REFACTOR_SCOPE.md con estado canónico.
  ✓ FDGE-R34       PT-149: sin errores de cumplimiento.
  ✓ INTAKE-R08     PT-150: firmado por lote EP-022.
  ✓ FDGE-R51       PT-150: intake ligero · firma, veredicto y severidad heredados del lote.
  ✓ FDGE-R55       PT-150: nace de la parada de EP-022 · motivo hallazgo.
  ✓ LEX-R08        PT-150: BUG que paso por la validacion humana obligatoria.
  ✓ SUITE-R43      PT-150: sin comentarios pendientes en el issue #285.
  ✓ FDGE-R45       PT-150: evidencia e intake sin patrones de secreto conocidos.
  ✓ FDGE-R25       PT-150: self-review completo.
  ✓ FDGE-R29       PT-150: registrado en HISTORY.log.
  ✓ FDGE-R44       PT-150: declara «Estructural: no».
  ✓ FDGE-R31       PT-150: presente en DISCOVERY.md con estado canónico.
  ✓ FDGE-R34       PT-150: sin errores de cumplimiento.
  ✓ INTAKE-R08     PT-151: firmado por lote EP-024.
  ✓ FDGE-R51       PT-151: intake ligero · firma, veredicto y severidad heredados del lote.
  ✓ FDGE-R55       PT-151: nace de la parada de EP-022 · motivo hallazgo.
  ✓ LEX-R08        PT-151: BUG que paso por la validacion humana obligatoria.
  ✓ FDGE-R54       PT-151: viabilidad SAFE · medida contra 982bcd3.
  ✓ FDGE-R52       PT-151: 7 nota(s) de reanclaje en el issue #293 para PHASE 8.
  ✓ SUITE-R43      PT-151: sin comentarios pendientes en el issue #293.
  ✓ FDGE-R45       PT-151: evidencia e intake sin patrones de secreto conocidos.
  ✓ FDGE-R25       PT-151: self-review completo.
  ✓ FDGE-R29       PT-151: registrado en HISTORY.log.
  ✓ FDGE-R44       PT-151: declara «Estructural: no».
  ✓ FDGE-R31       PT-151: presente en REFACTOR_SCOPE.md con estado canónico.
  ✓ FDGE-R34       PT-151: sin errores de cumplimiento.
  ✓ INTAKE-R08     PT-155: firmado por lote EP-024.
  ✓ FDGE-R51       PT-155: intake ligero · firma, veredicto y severidad heredados del lote.
  ✓ FDGE-R55       PT-155: nace de la parada de EP-022 · motivo hallazgo.
  ✓ FDGE-R54       PT-155: viabilidad SAFE · medida contra 982bcd3.
  ✓ SUITE-R43      PT-155: sin comentarios pendientes en el issue #297.
  ✓ FDGE-R15       PT-155: 4 criterios con TS asignado (Test/Evidencia se exigen desde PHASE 6).
  ✓ FDGE-R45       PT-155: evidencia e intake sin patrones de secreto conocidos.
  ✓ FDGE-R31       PT-155: presente en REFACTOR_SCOPE.md con estado canónico.
  ✓ FDGE-R34       PT-155: sin errores de cumplimiento.
  ✓ INTAKE-R06     PT-156: Intake firmado.
  ✓ FDGE-R55       PT-156: nace de la parada de PT-144 · motivo limite-alcanzado.
  ✓ SUITE-R43      PT-156: sin comentarios pendientes en el issue #298.
  ✓ FDGE-R45       PT-156: evidencia e intake sin patrones de secreto conocidos.
  ✓ FDGE-R25       PT-156: self-review completo.
  ✓ FDGE-R29       PT-156: registrado en HISTORY.log.
  ✓ FDGE-R44       PT-156: declara «Estructural: no».
  ✓ FDGE-R31       PT-156: presente en REFACTOR_SCOPE.md con estado canónico.
  ✓ FDGE-R34       PT-156: sin errores de cumplimiento.
  ✓ INTAKE-R08     PT-159: firmado por lote EP-024.
  ✓ FDGE-R51       PT-159: intake ligero · firma, veredicto y severidad heredados del lote.
  ✓ FDGE-R55       PT-159: nace de la parada de EP-022 · motivo hallazgo.
  ✓ SUITE-R43      PT-159: sin comentarios pendientes en el issue #301.
  ✓ FDGE-R45       PT-159: evidencia e intake sin patrones de secreto conocidos.
  ✓ INTAKE-R08     PT-160: firmado por lote EP-024.
  ✓ FDGE-R51       PT-160: intake ligero · firma, veredicto y severidad heredados del lote.
  ✓ FDGE-R55       PT-160: nace de la parada de PT-147 · motivo hallazgo.
  ✓ FDGE-R52       PT-160: 4 nota(s) de reanclaje en el issue #302 para PHASE 5.
  ✓ SUITE-R43      PT-160: sin comentarios pendientes en el issue #302.
  ✓ FDGE-R15       PT-160: 4 criterios con TS asignado (Test/Evidencia se exigen desde PHASE 6).
  ✓ FDGE-R45       PT-160: evidencia e intake sin patrones de secreto conocidos.
  ✓ FDGE-R31       PT-160: presente en REFACTOR_SCOPE.md con estado canónico.
  ✓ INTAKE-R08     PT-161: firmado por lote EP-024.
  ✓ FDGE-R51       PT-161: intake ligero · firma, veredicto y severidad heredados del lote.
  ✓ FDGE-R55       PT-161: nace de la parada de PT-148 · motivo hallazgo.
  ✓ SUITE-R43      PT-161: sin comentarios pendientes en el issue #303.
  ✓ FDGE-R15       PT-161: 3 criterios con TS asignado (Test/Evidencia se exigen desde PHASE 6).
  ✓ FDGE-R45       PT-161: evidencia e intake sin patrones de secreto conocidos.
  ✓ FDGE-R31       PT-161: presente en REFACTOR_SCOPE.md con estado canónico.
  ✓ INTAKE-R08     PT-163: firmado por lote EP-024.
  ✓ FDGE-R51       PT-163: intake ligero · firma, veredicto y severidad heredados del lote.
  ✓ FDGE-R55       PT-163: nace de la parada de PT-148 · motivo hallazgo.
  ✓ FDGE-R52       PT-163: 4 nota(s) de reanclaje en el issue #305 para PHASE 5.
  ✓ SUITE-R43      PT-163: sin comentarios pendientes en el issue #305.
  ✓ FDGE-R15       PT-163: 3 criterios con TS asignado (Test/Evidencia se exigen desde PHASE 6).
  ✓ FDGE-R45       PT-163: evidencia e intake sin patrones de secreto conocidos.
  ✓ FDGE-R31       PT-163: presente en REFACTOR_SCOPE.md con estado canónico.
  ✓ INTAKE-R08     PT-164: firmado por lote EP-024.
  ✓ FDGE-R51       PT-164: intake ligero · firma, veredicto y severidad heredados del lote.
  ✓ FDGE-R55       PT-164: nace de la parada de PT-156 · motivo hallazgo.
  ✓ FDGE-R54       PT-164: viabilidad SAFE · medida contra 982bcd3.
  ✓ FDGE-R52       PT-164: 4 nota(s) de reanclaje en el issue #307 para PHASE 5.
  ✓ SUITE-R43      PT-164: sin comentarios pendientes en el issue #307.
  ✓ FDGE-R15       PT-164: 5 criterios con TS asignado (Test/Evidencia se exigen desde PHASE 6).
  ✓ FDGE-R45       PT-164: evidencia e intake sin patrones de secreto conocidos.
  ✓ FDGE-R31       PT-164: presente en REFACTOR_SCOPE.md con estado canónico.
  ✓ INTAKE-R08     PT-167: firmado por lote EP-024.
  ✓ FDGE-R51       PT-167: intake ligero · firma, veredicto y severidad heredados del lote.
  ✓ FDGE-R55       PT-167: nace de la parada de PT-156 · motivo hallazgo.
  ✓ FDGE-R54       PT-167: viabilidad SAFE · medida contra 982bcd3.
  ✓ FDGE-R52       PT-167: 7 nota(s) de reanclaje en el issue #310 para PHASE 8.
  ✓ SUITE-R43      PT-167: sin comentarios pendientes en el issue #310.
  ✓ FDGE-R45       PT-167: evidencia e intake sin patrones de secreto conocidos.
  ✓ FDGE-R25       PT-167: self-review completo.
  ✓ FDGE-R29       PT-167: registrado en HISTORY.log.
  ✓ FDGE-R44       PT-167: declara «Estructural: no».
  ✓ FDGE-R31       PT-167: presente en REFACTOR_SCOPE.md con estado canónico.
  ✓ FDGE-R34       PT-167: sin errores de cumplimiento.
  ✓ INTAKE-R08     PT-168: firmado por lote EP-024.
  ✓ FDGE-R51       PT-168: intake ligero · firma, veredicto y severidad heredados del lote.
  ✓ FDGE-R55       PT-168: nace de la parada de PT-149 · motivo hallazgo.
  ✓ LEX-R08        PT-168: BUG que paso por la validacion humana obligatoria.
  ✓ FDGE-R54       PT-168: viabilidad SAFE · medida contra 982bcd3.
  ✓ FDGE-R52       PT-168: 7 nota(s) de reanclaje en el issue #311 para PHASE 8.
  ✓ SUITE-R43      PT-168: sin comentarios pendientes en el issue #311.
  ✓ FDGE-R45       PT-168: evidencia e intake sin patrones de secreto conocidos.
  ✓ FDGE-R25       PT-168: self-review completo.
  ✓ FDGE-R29       PT-168: registrado en HISTORY.log.
  ✓ FDGE-R44       PT-168: declara «Estructural: no».
  ✓ FDGE-R31       PT-168: presente en REFACTOR_SCOPE.md con estado canónico.
  ✓ FDGE-R34       PT-168: sin errores de cumplimiento.
  ✓ INTAKE-R08     PT-169: firmado por lote EP-024.
  ✓ FDGE-R51       PT-169: intake ligero · firma, veredicto y severidad heredados del lote.
  ✓ FDGE-R55       PT-169: nace de la parada de PT-149 · motivo hallazgo.
  ✓ FDGE-R54       PT-169: viabilidad SAFE · medida contra 982bcd3.
  ✓ FDGE-R52       PT-169: 7 nota(s) de reanclaje en el issue #313 para PHASE 8.
  ✓ SUITE-R43      PT-169: sin comentarios pendientes en el issue #313.
  ✓ FDGE-R45       PT-169: evidencia e intake sin patrones de secreto conocidos.
  ✓ FDGE-R25       PT-169: self-review completo.
  ✓ FDGE-R29       PT-169: registrado en HISTORY.log.
  ✓ FDGE-R44       PT-169: declara «Estructural: no».
  ✓ FDGE-R31       PT-169: presente en REFACTOR_SCOPE.md con estado canónico.
  ✓ FDGE-R34       PT-169: sin errores de cumplimiento.

AVISOS
  ! SUITE-R18      21 allocation(s) sin suite_version. Sin ese sello, una migración no puede respetar el trabajo en vuelo: EP-020, PT-113, PT-114, PT-115, PT-116
  ! FDGE-R19       1 commit(s): cita «EP-024», que no es un PT. FDGE-R19 pide un PT: un lote no es la unidad de trabajo · sin excepcion declarada en SESSION_LOG.md. · 5593966c · AVISO AHORA, ERROR EN G4.
  ! FDGE-R19       2 commit(s): el asunto tiene tipo pero no cita ningun identificador · sin excepcion declarada en SESSION_LOG.md. · a5735e6d 72eb1308 · AVISO AHORA, ERROR EN G4.
  ! FDGE-R19       13 commit(s): cita «EP-022», que no es un PT. FDGE-R19 pide un PT: un lote no es la unidad de trabajo · SESSION_LOG.md declara una excepcion a FDGE-R19 que nombra este identificador: el marco obligo a rodearlo, y lo que se arregla es la herramienta. · b3471145 58cb61fe ab4119c0 e01ef73b 3a7cb3fa 29af8891 e8ea9d4c 2f5e99e4 fea48202 8f4d5338 3b951509 c80814f7 da9c260a · AVISO AHORA, ERROR EN G4.
  ! FDGE-R19       4 commit(s): cita «EP-021», que no es un PT. FDGE-R19 pide un PT: un lote no es la unidad de trabajo · SESSION_LOG.md declara una excepcion a FDGE-R19 que nombra este identificador: el marco obligo a rodearlo, y lo que se arregla es la herramienta. · 862e60a7 a5c79469 03cab370 23901d37 · AVISO AHORA, ERROR EN G4.
  ! SUITE-R45      EP-023: 4 fila(s) de cierre aún sin resolver. En G4 bloquean.
  ! SUITE-R45      EP-024: su intake no declara «## Cierre del lote». Lo que se resuelve al cerrar —la entrada de CHANGELOG.md, el número de versión, lo que sus tareas le hayan aplazado— vive ahí y en ningún otro sitio: escrito como fila en cada tarea, es la misma regla copiada N veces, y las copias divergen (SUITE-R38).
  ! SUITE-R45      EP-025: su intake no declara «## Cierre del lote». Lo que se resuelve al cerrar —la entrada de CHANGELOG.md, el número de versión, lo que sus tareas le hayan aplazado— vive ahí y en ningún otro sitio: escrito como fila en cada tarea, es la misma regla copiada N veces, y las copias divergen (SUITE-R38).
  ! SUITE-R44      1 aplazado(s) anteriores a LEX-R34 no se juzgan hacia atras (PT-025): no pudieron declarar lo que nadie les pedia. Ponerles el bloque es una decision, no una deuda.
  ! FDGE-R43       Grafo SUSPECT — 7 de 19 archivos que describe han cambiado desde 2026-08-26 — docs/methodology/tools/audit.mjs, docs/methodology/tools/patrones.mjs, docs/methodology/tools/regla.mjs, docs/methodology/tools/selftest.sh, docs/methodology/tools/tracker.mjs, docs/methodology/tools/verify-fdge.mjs …. No bloquea; sellar sí lo exige al día (SUITE-R57).
  ! FDGE-R31       BACKLOG.md y el registro no dicen lo mismo sobre que hay abierto · declara EP-022 y el registro no lo tiene abierto · el registro abre EP-024, EP-025 y el archivo no lo declara. Se regenera:  node tools/tracker.mjs indices --aplicar
  ! SUITE-R43      PT-001: ningún comentario del issue #3 lleva marca de procedencia, así que no se puede distinguir quién escribió qué: SIN EVALUAR. Se resuelve solo en cuanto el agente escriba una nota (RULE-06).
  ! FDGE-R43       PT-001: grafo SUSPECT — 7 de 19 archivos que describe han cambiado desde 2026-08-26 — docs/methodology/tools/audit.mjs, docs/methodology/tools/patrones.mjs, docs/methodology/tools/regla.mjs, docs/methodology/tools/selftest.sh, docs/methodology/tools/tracker.mjs, docs/methodology/tools/verify-fdge.mjs …. No bloquea; sellar sí lo exige al día (SUITE-R57).
  ! LEX-R31        PT-001: su entrada de HISTORY.log no declara «Clase de evento: CE-NNN». Es opcional —no todo trabajo repite un tropiezo— pero sin ella la matriz de eventos no puede contar esta tarea, y lo que no se cuenta no se corrige.
  ! SUITE-R43      PT-002: ningún comentario del issue #4 lleva marca de procedencia, así que no se puede distinguir quién escribió qué: SIN EVALUAR. Se resuelve solo en cuanto el agente escriba una nota (RULE-06).
  ! FDGE-R43       PT-002: grafo SUSPECT — 7 de 19 archivos que describe han cambiado desde 2026-08-26 — docs/methodology/tools/audit.mjs, docs/methodology/tools/patrones.mjs, docs/methodology/tools/regla.mjs, docs/methodology/tools/selftest.sh, docs/methodology/tools/tracker.mjs, docs/methodology/tools/verify-fdge.mjs …. No bloquea; sellar sí lo exige al día (SUITE-R57).
  ! LEX-R31        PT-002: su entrada de HISTORY.log no declara «Clase de evento: CE-NNN». Es opcional —no todo trabajo repite un tropiezo— pero sin ella la matriz de eventos no puede contar esta tarea, y lo que no se cuenta no se corrige.
  ! SUITE-R44      PT-002: 1 fila(s) de changes/PT-002-cobertura-por-regla/out-of-scope.md no declaran su destino con el vocabulario cerrado. O es «—» —no aplaza— o cita un identificador que lo sostiene: un hermano del lote, o una allocation DEFERRED cuyo «origin» mencione PT-002. Sin eso, aplazar es narrar. «Escribir verificadores para las 63 reglas HA» cita PT-015, que no está DEFERRED ni retomada ni es hermano de este lote
  ! SUITE-R43      PT-004: ningún comentario del issue #6 lleva marca de procedencia, así que no se puede distinguir quién escribió qué: SIN EVALUAR. Se resuelve solo en cuanto el agente escriba una nota (RULE-06).
  ! FDGE-R43       PT-004: grafo SUSPECT — 7 de 19 archivos que describe han cambiado desde 2026-08-26 — docs/methodology/tools/audit.mjs, docs/methodology/tools/patrones.mjs, docs/methodology/tools/regla.mjs, docs/methodology/tools/selftest.sh, docs/methodology/tools/tracker.mjs, docs/methodology/tools/verify-fdge.mjs …. No bloquea; sellar sí lo exige al día (SUITE-R57).
  ! LEX-R31        PT-004: su entrada de HISTORY.log no declara «Clase de evento: CE-NNN». Es opcional —no todo trabajo repite un tropiezo— pero sin ella la matriz de eventos no puede contar esta tarea, y lo que no se cuenta no se corrige.
  ! SUITE-R44      PT-004: 3 fila(s) de changes/PT-004-la-compuerta-no-distingue-la-fase/out-of-scope.md no declaran su destino con el vocabulario cerrado. O es «—» —no aplaza— o cita un identificador que lo sostiene: un hermano del lote, o una allocation DEFERRED cuyo «origin» mencione PT-004. Sin eso, aplazar es narrar. «Hacer `phase` obligatoria y fallar sin ella» cita PT-016, que no está DEFERRED ni retomada ni es hermano de este lote · «Añadir `phase:` a `INTAKE/templates/TAREA.md» cita PT-016, que no está DEFERRED ni retomada ni es hermano de este lote · «Ampliar el grafo a `docs/methodology/tools/`» cita PT-020, que no está DEFERRED ni retomada ni es hermano de este lote
  ! SUITE-R43      PT-005: ningún comentario del issue #8 lleva marca de procedencia, así que no se puede distinguir quién escribió qué: SIN EVALUAR. Se resuelve solo en cuanto el agente escriba una nota (RULE-06).
  ! FDGE-R43       PT-005: grafo SUSPECT — 7 de 19 archivos que describe han cambiado desde 2026-08-26 — docs/methodology/tools/audit.mjs, docs/methodology/tools/patrones.mjs, docs/methodology/tools/regla.mjs, docs/methodology/tools/selftest.sh, docs/methodology/tools/tracker.mjs, docs/methodology/tools/verify-fdge.mjs …. No bloquea; sellar sí lo exige al día (SUITE-R57).
  ! LEX-R31        PT-005: su entrada de HISTORY.log no declara «Clase de evento: CE-NNN». Es opcional —no todo trabajo repite un tropiezo— pero sin ella la matriz de eventos no puede contar esta tarea, y lo que no se cuenta no se corrige.
  ! SUITE-R43      PT-006: ningún comentario del issue #10 lleva marca de procedencia, así que no se puede distinguir quién escribió qué: SIN EVALUAR. Se resuelve solo en cuanto el agente escriba una nota (RULE-06).
  ! FDGE-R43       PT-006: grafo SUSPECT — 7 de 19 archivos que describe han cambiado desde 2026-08-26 — docs/methodology/tools/audit.mjs, docs/methodology/tools/patrones.mjs, docs/methodology/tools/regla.mjs, docs/methodology/tools/selftest.sh, docs/methodology/tools/tracker.mjs, docs/methodology/tools/verify-fdge.mjs …. No bloquea; sellar sí lo exige al día (SUITE-R57).
  ! LEX-R31        PT-006: su entrada de HISTORY.log no declara «Clase de evento: CE-NNN». Es opcional —no todo trabajo repite un tropiezo— pero sin ella la matriz de eventos no puede contar esta tarea, y lo que no se cuenta no se corrige.
  ! SUITE-R43      PT-007: ningún comentario del issue #11 lleva marca de procedencia, así que no se puede distinguir quién escribió qué: SIN EVALUAR. Se resuelve solo en cuanto el agente escriba una nota (RULE-06).
  ! FDGE-R43       PT-007: grafo SUSPECT — 7 de 19 archivos que describe han cambiado desde 2026-08-26 — docs/methodology/tools/audit.mjs, docs/methodology/tools/patrones.mjs, docs/methodology/tools/regla.mjs, docs/methodology/tools/selftest.sh, docs/methodology/tools/tracker.mjs, docs/methodology/tools/verify-fdge.mjs …. No bloquea; sellar sí lo exige al día (SUITE-R57).
  ! LEX-R31        PT-007: su entrada de HISTORY.log no declara «Clase de evento: CE-NNN». Es opcional —no todo trabajo repite un tropiezo— pero sin ella la matriz de eventos no puede contar esta tarea, y lo que no se cuenta no se corrige.
  ! FDGE-R43       PT-008: grafo SUSPECT — 7 de 19 archivos que describe han cambiado desde 2026-08-26 — docs/methodology/tools/audit.mjs, docs/methodology/tools/patrones.mjs, docs/methodology/tools/regla.mjs, docs/methodology/tools/selftest.sh, docs/methodology/tools/tracker.mjs, docs/methodology/tools/verify-fdge.mjs …. No bloquea; sellar sí lo exige al día (SUITE-R57).
  ! LEX-R31        PT-008: su entrada de HISTORY.log no declara «Clase de evento: CE-NNN». Es opcional —no todo trabajo repite un tropiezo— pero sin ella la matriz de eventos no puede contar esta tarea, y lo que no se cuenta no se corrige.
  ! FDGE-R43       PT-009: grafo SUSPECT — 7 de 19 archivos que describe han cambiado desde 2026-08-26 — docs/methodology/tools/audit.mjs, docs/methodology/tools/patrones.mjs, docs/methodology/tools/regla.mjs, docs/methodology/tools/selftest.sh, docs/methodology/tools/tracker.mjs, docs/methodology/tools/verify-fdge.mjs …. No bloquea; sellar sí lo exige al día (SUITE-R57).
  ! LEX-R31        PT-009: su entrada de HISTORY.log no declara «Clase de evento: CE-NNN». Es opcional —no todo trabajo repite un tropiezo— pero sin ella la matriz de eventos no puede contar esta tarea, y lo que no se cuenta no se corrige.
  ! FDGE-R43       PT-010: grafo SUSPECT — 7 de 19 archivos que describe han cambiado desde 2026-08-26 — docs/methodology/tools/audit.mjs, docs/methodology/tools/patrones.mjs, docs/methodology/tools/regla.mjs, docs/methodology/tools/selftest.sh, docs/methodology/tools/tracker.mjs, docs/methodology/tools/verify-fdge.mjs …. No bloquea; sellar sí lo exige al día (SUITE-R57).
  ! LEX-R31        PT-010: su entrada de HISTORY.log no declara «Clase de evento: CE-NNN». Es opcional —no todo trabajo repite un tropiezo— pero sin ella la matriz de eventos no puede contar esta tarea, y lo que no se cuenta no se corrige.
  ! FDGE-R43       PT-011: grafo SUSPECT — 7 de 19 archivos que describe han cambiado desde 2026-08-26 — docs/methodology/tools/audit.mjs, docs/methodology/tools/patrones.mjs, docs/methodology/tools/regla.mjs, docs/methodology/tools/selftest.sh, docs/methodology/tools/tracker.mjs, docs/methodology/tools/verify-fdge.mjs …. No bloquea; sellar sí lo exige al día (SUITE-R57).
  ! LEX-R31        PT-011: su entrada de HISTORY.log no declara «Clase de evento: CE-NNN». Es opcional —no todo trabajo repite un tropiezo— pero sin ella la matriz de eventos no puede contar esta tarea, y lo que no se cuenta no se corrige.
  ! SUITE-R44      PT-011: 1 fila(s) de changes/PT-011-el-lector-de-miembros-del-lote/out-of-scope.md no declaran su destino con el vocabulario cerrado. O es «—» —no aplaza— o cita un identificador que lo sostiene: un hermano del lote, o una allocation DEFERRED cuyo «origin» mencione PT-011. Sin eso, aplazar es narrar. «Migrar el proyecto legado» cita PT-019, que no está DEFERRED ni retomada ni es hermano de este lote
  ! FDGE-R43       PT-012: grafo SUSPECT — 7 de 19 archivos que describe han cambiado desde 2026-08-26 — docs/methodology/tools/audit.mjs, docs/methodology/tools/patrones.mjs, docs/methodology/tools/regla.mjs, docs/methodology/tools/selftest.sh, docs/methodology/tools/tracker.mjs, docs/methodology/tools/verify-fdge.mjs …. No bloquea; sellar sí lo exige al día (SUITE-R57).
  ! LEX-R31        PT-012: su entrada de HISTORY.log no declara «Clase de evento: CE-NNN». Es opcional —no todo trabajo repite un tropiezo— pero sin ella la matriz de eventos no puede contar esta tarea, y lo que no se cuenta no se corrige.
  ! SUITE-R44      PT-012: 1 fila(s) de changes/PT-012-migrar-desde-4-12/out-of-scope.md no declaran su destino con el vocabulario cerrado. O es «—» —no aplaza— o cita un identificador que lo sostiene: un hermano del lote, o una allocation DEFERRED cuyo «origin» mencione PT-012. Sin eso, aplazar es narrar. «Derivar la lista de «qué llega nuevo» compar» cita PT-017, que no está DEFERRED ni retomada ni es hermano de este lote
  ! FDGE-R43       PT-013: grafo SUSPECT — 7 de 19 archivos que describe han cambiado desde 2026-08-26 — docs/methodology/tools/audit.mjs, docs/methodology/tools/patrones.mjs, docs/methodology/tools/regla.mjs, docs/methodology/tools/selftest.sh, docs/methodology/tools/tracker.mjs, docs/methodology/tools/verify-fdge.mjs …. No bloquea; sellar sí lo exige al día (SUITE-R57).
  ! LEX-R31        PT-013: su entrada de HISTORY.log no declara «Clase de evento: CE-NNN». Es opcional —no todo trabajo repite un tropiezo— pero sin ella la matriz de eventos no puede contar esta tarea, y lo que no se cuenta no se corrige.
  ! FDGE-R43       PT-014: grafo SUSPECT — 7 de 19 archivos que describe han cambiado desde 2026-08-26 — docs/methodology/tools/audit.mjs, docs/methodology/tools/patrones.mjs, docs/methodology/tools/regla.mjs, docs/methodology/tools/selftest.sh, docs/methodology/tools/tracker.mjs, docs/methodology/tools/verify-fdge.mjs …. No bloquea; sellar sí lo exige al día (SUITE-R57).
  ! LEX-R31        PT-014: su entrada de HISTORY.log no declara «Clase de evento: CE-NNN». Es opcional —no todo trabajo repite un tropiezo— pero sin ella la matriz de eventos no puede contar esta tarea, y lo que no se cuenta no se corrige.
  ! FDGE-R19       PT-015: la rama «chore/PT-015-verificadores-para-las-hard-sin-uno» no lleva usuario. Desde 8.3.0 el formato es «<type>/<usuario>/PT-NNN-slug». Las ramas anteriores siguen valiendo: una rama abierta se termina como empezo. · AVISO AHORA, ERROR EN G4.
  ! FDGE-R43       PT-015: grafo SUSPECT — 7 de 19 archivos que describe han cambiado desde 2026-08-26 — docs/methodology/tools/audit.mjs, docs/methodology/tools/patrones.mjs, docs/methodology/tools/regla.mjs, docs/methodology/tools/selftest.sh, docs/methodology/tools/tracker.mjs, docs/methodology/tools/verify-fdge.mjs …. No bloquea; sellar sí lo exige al día (SUITE-R57).
  ! LEX-R31        PT-015: su entrada de HISTORY.log no declara «Clase de evento: CE-NNN». Es opcional —no todo trabajo repite un tropiezo— pero sin ella la matriz de eventos no puede contar esta tarea, y lo que no se cuenta no se corrige.
  ! FDGE-R19       PT-016: la rama «chore/PT-016-phase-obligatoria» no lleva usuario. Desde 8.3.0 el formato es «<type>/<usuario>/PT-NNN-slug». Las ramas anteriores siguen valiendo: una rama abierta se termina como empezo. · AVISO AHORA, ERROR EN G4.
  ! FDGE-R43       PT-016: grafo SUSPECT — 7 de 19 archivos que describe han cambiado desde 2026-08-26 — docs/methodology/tools/audit.mjs, docs/methodology/tools/patrones.mjs, docs/methodology/tools/regla.mjs, docs/methodology/tools/selftest.sh, docs/methodology/tools/tracker.mjs, docs/methodology/tools/verify-fdge.mjs …. No bloquea; sellar sí lo exige al día (SUITE-R57).
  ! LEX-R31        PT-016: su entrada de HISTORY.log no declara «Clase de evento: CE-NNN». Es opcional —no todo trabajo repite un tropiezo— pero sin ella la matriz de eventos no puede contar esta tarea, y lo que no se cuenta no se corrige.
  ! FDGE-R19       PT-017: la rama «chore/PT-017-derivar-lo-que-llega-nuevo» no lleva usuario. Desde 8.3.0 el formato es «<type>/<usuario>/PT-NNN-slug». Las ramas anteriores siguen valiendo: una rama abierta se termina como empezo. · AVISO AHORA, ERROR EN G4.
  ! FDGE-R43       PT-017: grafo SUSPECT — 7 de 19 archivos que describe han cambiado desde 2026-08-26 — docs/methodology/tools/audit.mjs, docs/methodology/tools/patrones.mjs, docs/methodology/tools/regla.mjs, docs/methodology/tools/selftest.sh, docs/methodology/tools/tracker.mjs, docs/methodology/tools/verify-fdge.mjs …. No bloquea; sellar sí lo exige al día (SUITE-R57).
  ! LEX-R31        PT-017: su entrada de HISTORY.log no declara «Clase de evento: CE-NNN». Es opcional —no todo trabajo repite un tropiezo— pero sin ella la matriz de eventos no puede contar esta tarea, y lo que no se cuenta no se corrige.
  ! FDGE-R43       PT-018: grafo SUSPECT — 7 de 19 archivos que describe han cambiado desde 2026-08-26 — docs/methodology/tools/audit.mjs, docs/methodology/tools/patrones.mjs, docs/methodology/tools/regla.mjs, docs/methodology/tools/selftest.sh, docs/methodology/tools/tracker.mjs, docs/methodology/tools/verify-fdge.mjs …. No bloquea; sellar sí lo exige al día (SUITE-R57).
  ! LEX-R31        PT-018: su entrada de HISTORY.log no declara «Clase de evento: CE-NNN». Es opcional —no todo trabajo repite un tropiezo— pero sin ella la matriz de eventos no puede contar esta tarea, y lo que no se cuenta no se corrige.
  ! SUITE-R35      PT-019: «phase» divergente — el registro dice «10» y su intake dice «9». Se usa el del intake (PT-004: es lo que el PT dice de sí mismo), y por eso se dice: un YAML que se queda atrás apaga comprobaciones sin que nada avise. · AVISO AHORA, ERROR EN G4.
  ! FDGE-R43       PT-019: grafo SUSPECT — 7 de 19 archivos que describe han cambiado desde 2026-08-26 — docs/methodology/tools/audit.mjs, docs/methodology/tools/patrones.mjs, docs/methodology/tools/regla.mjs, docs/methodology/tools/selftest.sh, docs/methodology/tools/tracker.mjs, docs/methodology/tools/verify-fdge.mjs …. No bloquea; sellar sí lo exige al día (SUITE-R57).
  ! FDGE-R18       PT-019: AC-01 sin archivo de test — excepción FDGE-R18 (CHORE). Debe estar declarada en strategy.md.
  ! FDGE-R18       PT-019: AC-05 sin archivo de test — excepción FDGE-R18 (CHORE). Debe estar declarada en strategy.md.
  ! FDGE-R23       PT-019: AC-01 marcado verified:false.
  ! LEX-R31        PT-019: su entrada de HISTORY.log no declara «Clase de evento: CE-NNN». Es opcional —no todo trabajo repite un tropiezo— pero sin ella la matriz de eventos no puede contar esta tarea, y lo que no se cuenta no se corrige.
  ! FDGE-R19       PT-020: la rama «chore/PT-020-ampliar-el-grafo-a-tools» no lleva usuario. Desde 8.3.0 el formato es «<type>/<usuario>/PT-NNN-slug». Las ramas anteriores siguen valiendo: una rama abierta se termina como empezo. · AVISO AHORA, ERROR EN G4.
  ! FDGE-R43       PT-020: grafo SUSPECT — 7 de 19 archivos que describe han cambiado desde 2026-08-26 — docs/methodology/tools/audit.mjs, docs/methodology/tools/patrones.mjs, docs/methodology/tools/regla.mjs, docs/methodology/tools/selftest.sh, docs/methodology/tools/tracker.mjs, docs/methodology/tools/verify-fdge.mjs …. No bloquea; sellar sí lo exige al día (SUITE-R57).
  ! LEX-R31        PT-020: su entrada de HISTORY.log no declara «Clase de evento: CE-NNN». Es opcional —no todo trabajo repite un tropiezo— pero sin ella la matriz de eventos no puede contar esta tarea, y lo que no se cuenta no se corrige.
  ! FDGE-R43       PT-021: grafo SUSPECT — 7 de 19 archivos que describe han cambiado desde 2026-08-26 — docs/methodology/tools/audit.mjs, docs/methodology/tools/patrones.mjs, docs/methodology/tools/regla.mjs, docs/methodology/tools/selftest.sh, docs/methodology/tools/tracker.mjs, docs/methodology/tools/verify-fdge.mjs …. No bloquea; sellar sí lo exige al día (SUITE-R57).
  ! LEX-R31        PT-021: su entrada de HISTORY.log no declara «Clase de evento: CE-NNN». Es opcional —no todo trabajo repite un tropiezo— pero sin ella la matriz de eventos no puede contar esta tarea, y lo que no se cuenta no se corrige.
  ! FDGE-R43       PT-022: grafo SUSPECT — 7 de 19 archivos que describe han cambiado desde 2026-08-26 — docs/methodology/tools/audit.mjs, docs/methodology/tools/patrones.mjs, docs/methodology/tools/regla.mjs, docs/methodology/tools/selftest.sh, docs/methodology/tools/tracker.mjs, docs/methodology/tools/verify-fdge.mjs …. No bloquea; sellar sí lo exige al día (SUITE-R57).
  ! FDGE-R23       PT-022: AC-03 marcado verified:false.
  ! LEX-R31        PT-022: su entrada de HISTORY.log no declara «Clase de evento: CE-NNN». Es opcional —no todo trabajo repite un tropiezo— pero sin ella la matriz de eventos no puede contar esta tarea, y lo que no se cuenta no se corrige.
  ! FDGE-R19       PT-023: la rama «chore/PT-023-auditar-los-cambios-de-especificacion-declarados» no lleva usuario. Desde 8.3.0 el formato es «<type>/<usuario>/PT-NNN-slug». Las ramas anteriores siguen valiendo: una rama abierta se termina como empezo. · AVISO AHORA, ERROR EN G4.
  ! FDGE-R43       PT-023: grafo SUSPECT — 7 de 19 archivos que describe han cambiado desde 2026-08-26 — docs/methodology/tools/audit.mjs, docs/methodology/tools/patrones.mjs, docs/methodology/tools/regla.mjs, docs/methodology/tools/selftest.sh, docs/methodology/tools/tracker.mjs, docs/methodology/tools/verify-fdge.mjs …. No bloquea; sellar sí lo exige al día (SUITE-R57).
  ! LEX-R31        PT-023: su entrada de HISTORY.log no declara «Clase de evento: CE-NNN». Es opcional —no todo trabajo repite un tropiezo— pero sin ella la matriz de eventos no puede contar esta tarea, y lo que no se cuenta no se corrige.
  ! FDGE-R43       PT-024: grafo SUSPECT — 7 de 19 archivos que describe han cambiado desde 2026-08-26 — docs/methodology/tools/audit.mjs, docs/methodology/tools/patrones.mjs, docs/methodology/tools/regla.mjs, docs/methodology/tools/selftest.sh, docs/methodology/tools/tracker.mjs, docs/methodology/tools/verify-fdge.mjs …. No bloquea; sellar sí lo exige al día (SUITE-R57).
  ! LEX-R31        PT-024: su entrada de HISTORY.log no declara «Clase de evento: CE-NNN». Es opcional —no todo trabajo repite un tropiezo— pero sin ella la matriz de eventos no puede contar esta tarea, y lo que no se cuenta no se corrige.
  ! FDGE-R43       PT-026: grafo SUSPECT — 7 de 19 archivos que describe han cambiado desde 2026-08-26 — docs/methodology/tools/audit.mjs, docs/methodology/tools/patrones.mjs, docs/methodology/tools/regla.mjs, docs/methodology/tools/selftest.sh, docs/methodology/tools/tracker.mjs, docs/methodology/tools/verify-fdge.mjs …. No bloquea; sellar sí lo exige al día (SUITE-R57).
  ! LEX-R31        PT-026: su entrada de HISTORY.log no declara «Clase de evento: CE-NNN». Es opcional —no todo trabajo repite un tropiezo— pero sin ella la matriz de eventos no puede contar esta tarea, y lo que no se cuenta no se corrige.
  ! FDGE-R43       PT-028: grafo SUSPECT — 7 de 19 archivos que describe han cambiado desde 2026-08-26 — docs/methodology/tools/audit.mjs, docs/methodology/tools/patrones.mjs, docs/methodology/tools/regla.mjs, docs/methodology/tools/selftest.sh, docs/methodology/tools/tracker.mjs, docs/methodology/tools/verify-fdge.mjs …. No bloquea; sellar sí lo exige al día (SUITE-R57).
  ! LEX-R31        PT-028: su entrada de HISTORY.log no declara «Clase de evento: CE-NNN». Es opcional —no todo trabajo repite un tropiezo— pero sin ella la matriz de eventos no puede contar esta tarea, y lo que no se cuenta no se corrige.
  ! SUITE-R44      PT-028: 1 fila(s) de changes/PT-028-un-cierre-pendiente-no-es-un-huerfano/out-of-scope.md no declaran su destino con el vocabulario cerrado. O es «—» —no aplaza— o cita un identificador que lo sostiene: un hermano del lote, o una allocation DEFERRED cuyo «origin» mencione PT-028. Sin eso, aplazar es narrar. «Revisar si hay más choques entre reglas escr» cita PT-029, que no está DEFERRED ni retomada ni es hermano de este lote
  ! FDGE-R19       PT-029: la rama «chore/PT-029-detectar-reglas-que-se-hacen-imposibles-entre-si» no lleva usuario. Desde 8.3.0 el formato es «<type>/<usuario>/PT-NNN-slug». Las ramas anteriores siguen valiendo: una rama abierta se termina como empezo. · AVISO AHORA, ERROR EN G4.
  ! FDGE-R43       PT-029: grafo SUSPECT — 7 de 19 archivos que describe han cambiado desde 2026-08-26 — docs/methodology/tools/audit.mjs, docs/methodology/tools/patrones.mjs, docs/methodology/tools/regla.mjs, docs/methodology/tools/selftest.sh, docs/methodology/tools/tracker.mjs, docs/methodology/tools/verify-fdge.mjs …. No bloquea; sellar sí lo exige al día (SUITE-R57).
  ! LEX-R31        PT-029: su entrada de HISTORY.log no declara «Clase de evento: CE-NNN». Es opcional —no todo trabajo repite un tropiezo— pero sin ella la matriz de eventos no puede contar esta tarea, y lo que no se cuenta no se corrige.
  ! FDGE-R43       PT-030: grafo SUSPECT — 7 de 19 archivos que describe han cambiado desde 2026-08-26 — docs/methodology/tools/audit.mjs, docs/methodology/tools/patrones.mjs, docs/methodology/tools/regla.mjs, docs/methodology/tools/selftest.sh, docs/methodology/tools/tracker.mjs, docs/methodology/tools/verify-fdge.mjs …. No bloquea; sellar sí lo exige al día (SUITE-R57).
  ! LEX-R31        PT-030: su entrada de HISTORY.log no declara «Clase de evento: CE-NNN». Es opcional —no todo trabajo repite un tropiezo— pero sin ella la matriz de eventos no puede contar esta tarea, y lo que no se cuenta no se corrige.
  ! FDGE-R43       PT-031: grafo SUSPECT — 7 de 19 archivos que describe han cambiado desde 2026-08-26 — docs/methodology/tools/audit.mjs, docs/methodology/tools/patrones.mjs, docs/methodology/tools/regla.mjs, docs/methodology/tools/selftest.sh, docs/methodology/tools/tracker.mjs, docs/methodology/tools/verify-fdge.mjs …. No bloquea; sellar sí lo exige al día (SUITE-R57).
  ! LEX-R31        PT-031: su entrada de HISTORY.log no declara «Clase de evento: CE-NNN». Es opcional —no todo trabajo repite un tropiezo— pero sin ella la matriz de eventos no puede contar esta tarea, y lo que no se cuenta no se corrige.
  ! SUITE-R44      PT-031: 1 fila(s) de changes/PT-031-los-tres-modos-exigen-lo-mismo/out-of-scope.md no declaran su destino con el vocabulario cerrado. O es «—» —no aplaza— o cita un identificador que lo sostiene: un hermano del lote, o una allocation DEFERRED cuyo «origin» mencione PT-031. Sin eso, aplazar es narrar. «Una convención o agente propio que ate al ag» cita PT-032, que no está DEFERRED ni retomada ni es hermano de este lote
  ! FDGE-R43       PT-033: grafo SUSPECT — 7 de 19 archivos que describe han cambiado desde 2026-08-26 — docs/methodology/tools/audit.mjs, docs/methodology/tools/patrones.mjs, docs/methodology/tools/regla.mjs, docs/methodology/tools/selftest.sh, docs/methodology/tools/tracker.mjs, docs/methodology/tools/verify-fdge.mjs …. No bloquea; sellar sí lo exige al día (SUITE-R57).
  ! LEX-R31        PT-033: su entrada de HISTORY.log no declara «Clase de evento: CE-NNN». Es opcional —no todo trabajo repite un tropiezo— pero sin ella la matriz de eventos no puede contar esta tarea, y lo que no se cuenta no se corrige.
  ! FDGE-R43       PT-034: grafo SUSPECT — 7 de 19 archivos que describe han cambiado desde 2026-08-26 — docs/methodology/tools/audit.mjs, docs/methodology/tools/patrones.mjs, docs/methodology/tools/regla.mjs, docs/methodology/tools/selftest.sh, docs/methodology/tools/tracker.mjs, docs/methodology/tools/verify-fdge.mjs …. No bloquea; sellar sí lo exige al día (SUITE-R57).
  ! LEX-R31        PT-034: su entrada de HISTORY.log no declara «Clase de evento: CE-NNN». Es opcional —no todo trabajo repite un tropiezo— pero sin ella la matriz de eventos no puede contar esta tarea, y lo que no se cuenta no se corrige.
  ! FDGE-R43       PT-035: grafo SUSPECT — 7 de 19 archivos que describe han cambiado desde 2026-08-26 — docs/methodology/tools/audit.mjs, docs/methodology/tools/patrones.mjs, docs/methodology/tools/regla.mjs, docs/methodology/tools/selftest.sh, docs/methodology/tools/tracker.mjs, docs/methodology/tools/verify-fdge.mjs …. No bloquea; sellar sí lo exige al día (SUITE-R57).
  ! LEX-R31        PT-035: su entrada de HISTORY.log no declara «Clase de evento: CE-NNN». Es opcional —no todo trabajo repite un tropiezo— pero sin ella la matriz de eventos no puede contar esta tarea, y lo que no se cuenta no se corrige.
  ! SUITE-R44      PT-035: 1 fila(s) de changes/PT-035-sub-issues-en-vez-de-enlaces/out-of-scope.md no declaran su destino con el vocabulario cerrado. O es «—» —no aplaza— o cita un identificador que lo sostiene: un hermano del lote, o una allocation DEFERRED cuyo «origin» mencione PT-035. Sin eso, aplazar es narrar. «Sub-issues en el adaptador de Azure» cita PT-025, que está DEFERRED pero su «origin» no menciona PT-035: la cita no es recíproca
  ! FDGE-R43       PT-036: grafo SUSPECT — 7 de 19 archivos que describe han cambiado desde 2026-08-26 — docs/methodology/tools/audit.mjs, docs/methodology/tools/patrones.mjs, docs/methodology/tools/regla.mjs, docs/methodology/tools/selftest.sh, docs/methodology/tools/tracker.mjs, docs/methodology/tools/verify-fdge.mjs …. No bloquea; sellar sí lo exige al día (SUITE-R57).
  ! LEX-R31        PT-036: su entrada de HISTORY.log no declara «Clase de evento: CE-NNN». Es opcional —no todo trabajo repite un tropiezo— pero sin ella la matriz de eventos no puede contar esta tarea, y lo que no se cuenta no se corrige.
  ! SUITE-R44      PT-036: 1 fila(s) de changes/PT-036-el-enlace-del-issue-tiene-que-resolver/out-of-scope.md no declaran su destino con el vocabulario cerrado. O es «—» —no aplaza— o cita un identificador que lo sostiene: un hermano del lote, o una allocation DEFERRED cuyo «origin» mencione PT-036. Sin eso, aplazar es narrar. «El manual de uso» cita EP-010, que no está DEFERRED ni retomada ni es hermano de este lote
  ! FDGE-R43       PT-037: grafo SUSPECT — 7 de 19 archivos que describe han cambiado desde 2026-08-26 — docs/methodology/tools/audit.mjs, docs/methodology/tools/patrones.mjs, docs/methodology/tools/regla.mjs, docs/methodology/tools/selftest.sh, docs/methodology/tools/tracker.mjs, docs/methodology/tools/verify-fdge.mjs …. No bloquea; sellar sí lo exige al día (SUITE-R57).
  ! LEX-R31        PT-037: su entrada de HISTORY.log no declara «Clase de evento: CE-NNN». Es opcional —no todo trabajo repite un tropiezo— pero sin ella la matriz de eventos no puede contar esta tarea, y lo que no se cuenta no se corrige.
  ! SUITE-R44      PT-037: 1 fila(s) de changes/PT-037-el-catalogo-de-casos-de-uso/out-of-scope.md no declaran su destino con el vocabulario cerrado. O es «—» —no aplaza— o cita un identificador que lo sostiene: un hermano del lote, o una allocation DEFERRED cuyo «origin» mencione PT-037. Sin eso, aplazar es narrar. «Ejercitar Azure para poder documentarlo» cita PT-025, que está DEFERRED pero su «origin» no menciona PT-037: la cita no es recíproca
  ! FDGE-R43       PT-038: grafo SUSPECT — 7 de 19 archivos que describe han cambiado desde 2026-08-26 — docs/methodology/tools/audit.mjs, docs/methodology/tools/patrones.mjs, docs/methodology/tools/regla.mjs, docs/methodology/tools/selftest.sh, docs/methodology/tools/tracker.mjs, docs/methodology/tools/verify-fdge.mjs …. No bloquea; sellar sí lo exige al día (SUITE-R57).
  ! LEX-R31        PT-038: su entrada de HISTORY.log no declara «Clase de evento: CE-NNN». Es opcional —no todo trabajo repite un tropiezo— pero sin ella la matriz de eventos no puede contar esta tarea, y lo que no se cuenta no se corrige.
  ! FDGE-R43       PT-039: grafo SUSPECT — 7 de 19 archivos que describe han cambiado desde 2026-08-26 — docs/methodology/tools/audit.mjs, docs/methodology/tools/patrones.mjs, docs/methodology/tools/regla.mjs, docs/methodology/tools/selftest.sh, docs/methodology/tools/tracker.mjs, docs/methodology/tools/verify-fdge.mjs …. No bloquea; sellar sí lo exige al día (SUITE-R57).
  ! LEX-R31        PT-039: su entrada de HISTORY.log no declara «Clase de evento: CE-NNN». Es opcional —no todo trabajo repite un tropiezo— pero sin ella la matriz de eventos no puede contar esta tarea, y lo que no se cuenta no se corrige.
  ! FDGE-R43       PT-040: grafo SUSPECT — 7 de 19 archivos que describe han cambiado desde 2026-08-26 — docs/methodology/tools/audit.mjs, docs/methodology/tools/patrones.mjs, docs/methodology/tools/regla.mjs, docs/methodology/tools/selftest.sh, docs/methodology/tools/tracker.mjs, docs/methodology/tools/verify-fdge.mjs …. No bloquea; sellar sí lo exige al día (SUITE-R57).
  ! LEX-R31        PT-040: su entrada de HISTORY.log no declara «Clase de evento: CE-NNN». Es opcional —no todo trabajo repite un tropiezo— pero sin ella la matriz de eventos no puede contar esta tarea, y lo que no se cuenta no se corrige.
  ! SUITE-R44      PT-040: 1 fila(s) de changes/PT-040-que-puede-fallar/out-of-scope.md no declaran su destino con el vocabulario cerrado. O es «—» —no aplaza— o cita un identificador que lo sostiene: un hermano del lote, o una allocation DEFERRED cuyo «origin» mencione PT-040. Sin eso, aplazar es narrar. «Escribir verificador para las reglas sin uno» cita PT-015, que no está DEFERRED ni retomada ni es hermano de este lote
  ! FDGE-R43       PT-041: grafo SUSPECT — 7 de 19 archivos que describe han cambiado desde 2026-08-26 — docs/methodology/tools/audit.mjs, docs/methodology/tools/patrones.mjs, docs/methodology/tools/regla.mjs, docs/methodology/tools/selftest.sh, docs/methodology/tools/tracker.mjs, docs/methodology/tools/verify-fdge.mjs …. No bloquea; sellar sí lo exige al día (SUITE-R57).
  ! LEX-R31        PT-041: su entrada de HISTORY.log no declara «Clase de evento: CE-NNN». Es opcional —no todo trabajo repite un tropiezo— pero sin ella la matriz de eventos no puede contar esta tarea, y lo que no se cuenta no se corrige.
  ! SUITE-R44      PT-041: 1 fila(s) de changes/PT-041-la-regla-en-el-mensaje/out-of-scope.md no declaran su destino con el vocabulario cerrado. O es «—» —no aplaza— o cita un identificador que lo sostiene: un hermano del lote, o una allocation DEFERRED cuyo «origin» mencione PT-041. Sin eso, aplazar es narrar. «Escribir verificador para las reglas sin uno» cita PT-015, que no está DEFERRED ni retomada ni es hermano de este lote
  ! FDGE-R43       PT-042: grafo SUSPECT — 7 de 19 archivos que describe han cambiado desde 2026-08-26 — docs/methodology/tools/audit.mjs, docs/methodology/tools/patrones.mjs, docs/methodology/tools/regla.mjs, docs/methodology/tools/selftest.sh, docs/methodology/tools/tracker.mjs, docs/methodology/tools/verify-fdge.mjs …. No bloquea; sellar sí lo exige al día (SUITE-R57).
  ! LEX-R31        PT-042: su entrada de HISTORY.log no declara «Clase de evento: CE-NNN». Es opcional —no todo trabajo repite un tropiezo— pero sin ella la matriz de eventos no puede contar esta tarea, y lo que no se cuenta no se corrige.
  ! FDGE-R43       PT-043: grafo SUSPECT — 7 de 19 archivos que describe han cambiado desde 2026-08-26 — docs/methodology/tools/audit.mjs, docs/methodology/tools/patrones.mjs, docs/methodology/tools/regla.mjs, docs/methodology/tools/selftest.sh, docs/methodology/tools/tracker.mjs, docs/methodology/tools/verify-fdge.mjs …. No bloquea; sellar sí lo exige al día (SUITE-R57).
  ! LEX-R31        PT-043: su entrada de HISTORY.log no declara «Clase de evento: CE-NNN». Es opcional —no todo trabajo repite un tropiezo— pero sin ella la matriz de eventos no puede contar esta tarea, y lo que no se cuenta no se corrige.
  ! SUITE-R44      PT-043: 2 fila(s) de changes/PT-043-migracion-guiada/out-of-scope.md no declaran su destino con el vocabulario cerrado. O es «—» —no aplaza— o cita un identificador que lo sostiene: un hermano del lote, o una allocation DEFERRED cuyo «origin» mencione PT-043. Sin eso, aplazar es narrar. «El YAML de `PT-039`…`PT-042` declara `phase:» cita PT-044, que no está DEFERRED ni retomada ni es hermano de este lote · «`npx @a81biz/cauce start` no arranca» cita PT-045, que no está DEFERRED ni retomada ni es hermano de este lote
  ! FDGE-R43       PT-044: grafo SUSPECT — 7 de 19 archivos que describe han cambiado desde 2026-08-26 — docs/methodology/tools/audit.mjs, docs/methodology/tools/patrones.mjs, docs/methodology/tools/regla.mjs, docs/methodology/tools/selftest.sh, docs/methodology/tools/tracker.mjs, docs/methodology/tools/verify-fdge.mjs …. No bloquea; sellar sí lo exige al día (SUITE-R57).
  ! LEX-R31        PT-044: su entrada de HISTORY.log no declara «Clase de evento: CE-NNN». Es opcional —no todo trabajo repite un tropiezo— pero sin ella la matriz de eventos no puede contar esta tarea, y lo que no se cuenta no se corrige.
  ! SUITE-R44      PT-044: 1 fila(s) de changes/PT-044-el-yaml-del-intake-no-puede-mentir/out-of-scope.md no declaran su destino con el vocabulario cerrado. O es «—» —no aplaza— o cita un identificador que lo sostiene: un hermano del lote, o una allocation DEFERRED cuyo «origin» mencione PT-044. Sin eso, aplazar es narrar. «Hacer `phase` obligatoria en la plantilla» cita PT-016, que no está DEFERRED ni retomada ni es hermano de este lote
  ! FDGE-R43       PT-045: grafo SUSPECT — 7 de 19 archivos que describe han cambiado desde 2026-08-26 — docs/methodology/tools/audit.mjs, docs/methodology/tools/patrones.mjs, docs/methodology/tools/regla.mjs, docs/methodology/tools/selftest.sh, docs/methodology/tools/tracker.mjs, docs/methodology/tools/verify-fdge.mjs …. No bloquea; sellar sí lo exige al día (SUITE-R57).
  ! LEX-R31        PT-045: su entrada de HISTORY.log no declara «Clase de evento: CE-NNN». Es opcional —no todo trabajo repite un tropiezo— pero sin ella la matriz de eventos no puede contar esta tarea, y lo que no se cuenta no se corrige.
  ! SUITE-R44      PT-045: 1 fila(s) de changes/PT-045-npx-cauce-start-no-arranca/out-of-scope.md no declaran su destino con el vocabulario cerrado. O es «—» —no aplaza— o cita un identificador que lo sostiene: un hermano del lote, o una allocation DEFERRED cuyo «origin» mencione PT-045. Sin eso, aplazar es narrar. «El grafo, que describe `bin` y no las herram» cita PT-020, que no está DEFERRED ni retomada ni es hermano de este lote
  ! FDGE-R43       PT-046: grafo SUSPECT — 7 de 19 archivos que describe han cambiado desde 2026-08-26 — docs/methodology/tools/audit.mjs, docs/methodology/tools/patrones.mjs, docs/methodology/tools/regla.mjs, docs/methodology/tools/selftest.sh, docs/methodology/tools/tracker.mjs, docs/methodology/tools/verify-fdge.mjs …. No bloquea; sellar sí lo exige al día (SUITE-R57).
  ! LEX-R31        PT-046: su entrada de HISTORY.log no declara «Clase de evento: CE-NNN». Es opcional —no todo trabajo repite un tropiezo— pero sin ella la matriz de eventos no puede contar esta tarea, y lo que no se cuenta no se corrige.
  ! SUITE-R44      PT-046: 1 fila(s) de changes/PT-046-una-entrada-de-history-mal-formada-no-se-puede-corregir/out-of-scope.md no declaran su destino con el vocabulario cerrado. O es «—» —no aplaza— o cita un identificador que lo sostiene: un hermano del lote, o una allocation DEFERRED cuyo «origin» mencione PT-046. Sin eso, aplazar es narrar. «Comprobar los otros ocho campos del formato » cita PT-016, que no está DEFERRED ni retomada ni es hermano de este lote
  ! FDGE-R19       PT-047: la rama «fix/PT-047-ningun-pt-ha-creado-su-rama» no lleva usuario. Desde 8.3.0 el formato es «<type>/<usuario>/PT-NNN-slug». Las ramas anteriores siguen valiendo: una rama abierta se termina como empezo. · AVISO AHORA, ERROR EN G4.
  ! FDGE-R43       PT-047: grafo SUSPECT — 7 de 19 archivos que describe han cambiado desde 2026-08-26 — docs/methodology/tools/audit.mjs, docs/methodology/tools/patrones.mjs, docs/methodology/tools/regla.mjs, docs/methodology/tools/selftest.sh, docs/methodology/tools/tracker.mjs, docs/methodology/tools/verify-fdge.mjs …. No bloquea; sellar sí lo exige al día (SUITE-R57).
  ! LEX-R31        PT-047: su entrada de HISTORY.log no declara «Clase de evento: CE-NNN». Es opcional —no todo trabajo repite un tropiezo— pero sin ella la matriz de eventos no puede contar esta tarea, y lo que no se cuenta no se corrige.
  ! FDGE-R19       PT-048: la rama «fix/PT-048-el-issue-de-un-deferred-enlaza-a-un-404» no lleva usuario. Desde 8.3.0 el formato es «<type>/<usuario>/PT-NNN-slug». Las ramas anteriores siguen valiendo: una rama abierta se termina como empezo. · AVISO AHORA, ERROR EN G4.
  ! FDGE-R43       PT-048: grafo SUSPECT — 7 de 19 archivos que describe han cambiado desde 2026-08-26 — docs/methodology/tools/audit.mjs, docs/methodology/tools/patrones.mjs, docs/methodology/tools/regla.mjs, docs/methodology/tools/selftest.sh, docs/methodology/tools/tracker.mjs, docs/methodology/tools/verify-fdge.mjs …. No bloquea; sellar sí lo exige al día (SUITE-R57).
  ! LEX-R31        PT-048: su entrada de HISTORY.log no declara «Clase de evento: CE-NNN». Es opcional —no todo trabajo repite un tropiezo— pero sin ella la matriz de eventos no puede contar esta tarea, y lo que no se cuenta no se corrige.
  ! FDGE-R19       PT-049: la rama «chore/PT-049-el-verde-se-cuenta-no-se-enumera» no lleva usuario. Desde 8.3.0 el formato es «<type>/<usuario>/PT-NNN-slug». Las ramas anteriores siguen valiendo: una rama abierta se termina como empezo. · AVISO AHORA, ERROR EN G4.
  ! FDGE-R43       PT-049: grafo SUSPECT — 7 de 19 archivos que describe han cambiado desde 2026-08-26 — docs/methodology/tools/audit.mjs, docs/methodology/tools/patrones.mjs, docs/methodology/tools/regla.mjs, docs/methodology/tools/selftest.sh, docs/methodology/tools/tracker.mjs, docs/methodology/tools/verify-fdge.mjs …. No bloquea; sellar sí lo exige al día (SUITE-R57).
  ! LEX-R31        PT-049: su entrada de HISTORY.log no declara «Clase de evento: CE-NNN». Es opcional —no todo trabajo repite un tropiezo— pero sin ella la matriz de eventos no puede contar esta tarea, y lo que no se cuenta no se corrige.
  ! FDGE-R19       PT-050: la rama «chore/PT-050-reejecutar-solo-el-bloque-en-el-que-se-trabaja» no lleva usuario. Desde 8.3.0 el formato es «<type>/<usuario>/PT-NNN-slug». Las ramas anteriores siguen valiendo: una rama abierta se termina como empezo. · AVISO AHORA, ERROR EN G4.
  ! FDGE-R43       PT-050: grafo SUSPECT — 7 de 19 archivos que describe han cambiado desde 2026-08-26 — docs/methodology/tools/audit.mjs, docs/methodology/tools/patrones.mjs, docs/methodology/tools/regla.mjs, docs/methodology/tools/selftest.sh, docs/methodology/tools/tracker.mjs, docs/methodology/tools/verify-fdge.mjs …. No bloquea; sellar sí lo exige al día (SUITE-R57).
  ! LEX-R31        PT-050: su entrada de HISTORY.log no declara «Clase de evento: CE-NNN». Es opcional —no todo trabajo repite un tropiezo— pero sin ella la matriz de eventos no puede contar esta tarea, y lo que no se cuenta no se corrige.
  ! FDGE-R19       PT-051: la rama «chore/PT-051-donde-vive-la-comprobacion-de-una-regla» no lleva usuario. Desde 8.3.0 el formato es «<type>/<usuario>/PT-NNN-slug». Las ramas anteriores siguen valiendo: una rama abierta se termina como empezo. · AVISO AHORA, ERROR EN G4.
  ! FDGE-R43       PT-051: grafo SUSPECT — 7 de 19 archivos que describe han cambiado desde 2026-08-26 — docs/methodology/tools/audit.mjs, docs/methodology/tools/patrones.mjs, docs/methodology/tools/regla.mjs, docs/methodology/tools/selftest.sh, docs/methodology/tools/tracker.mjs, docs/methodology/tools/verify-fdge.mjs …. No bloquea; sellar sí lo exige al día (SUITE-R57).
  ! LEX-R31        PT-051: su entrada de HISTORY.log no declara «Clase de evento: CE-NNN». Es opcional —no todo trabajo repite un tropiezo— pero sin ella la matriz de eventos no puede contar esta tarea, y lo que no se cuenta no se corrige.
  ! FDGE-R19       PT-052: la rama «chore/PT-052-el-checkpoint-es-un-artefacto-no-una-nota» no lleva usuario. Desde 8.3.0 el formato es «<type>/<usuario>/PT-NNN-slug». Las ramas anteriores siguen valiendo: una rama abierta se termina como empezo. · AVISO AHORA, ERROR EN G4.
  ! FDGE-R43       PT-052: grafo SUSPECT — 7 de 19 archivos que describe han cambiado desde 2026-08-26 — docs/methodology/tools/audit.mjs, docs/methodology/tools/patrones.mjs, docs/methodology/tools/regla.mjs, docs/methodology/tools/selftest.sh, docs/methodology/tools/tracker.mjs, docs/methodology/tools/verify-fdge.mjs …. No bloquea; sellar sí lo exige al día (SUITE-R57).
  ! LEX-R31        PT-052: su entrada de HISTORY.log no declara «Clase de evento: CE-NNN». Es opcional —no todo trabajo repite un tropiezo— pero sin ella la matriz de eventos no puede contar esta tarea, y lo que no se cuenta no se corrige.
  ! FDGE-R19       PT-053: la rama «chore/PT-053-la-transicion-de-fase-es-un-solo-acto» no lleva usuario. Desde 8.3.0 el formato es «<type>/<usuario>/PT-NNN-slug». Las ramas anteriores siguen valiendo: una rama abierta se termina como empezo. · AVISO AHORA, ERROR EN G4.
  ! FDGE-R43       PT-053: grafo SUSPECT — 7 de 19 archivos que describe han cambiado desde 2026-08-26 — docs/methodology/tools/audit.mjs, docs/methodology/tools/patrones.mjs, docs/methodology/tools/regla.mjs, docs/methodology/tools/selftest.sh, docs/methodology/tools/tracker.mjs, docs/methodology/tools/verify-fdge.mjs …. No bloquea; sellar sí lo exige al día (SUITE-R57).
  ! LEX-R31        PT-053: su entrada de HISTORY.log no declara «Clase de evento: CE-NNN». Es opcional —no todo trabajo repite un tropiezo— pero sin ella la matriz de eventos no puede contar esta tarea, y lo que no se cuenta no se corrige.
  ! FDGE-R19       PT-054: la rama «chore/PT-054-ver-en-que-se-trabaja-sin-esperar-al-merge» no lleva usuario. Desde 8.3.0 el formato es «<type>/<usuario>/PT-NNN-slug». Las ramas anteriores siguen valiendo: una rama abierta se termina como empezo. · AVISO AHORA, ERROR EN G4.
  ! FDGE-R43       PT-054: grafo SUSPECT — 7 de 19 archivos que describe han cambiado desde 2026-08-26 — docs/methodology/tools/audit.mjs, docs/methodology/tools/patrones.mjs, docs/methodology/tools/regla.mjs, docs/methodology/tools/selftest.sh, docs/methodology/tools/tracker.mjs, docs/methodology/tools/verify-fdge.mjs …. No bloquea; sellar sí lo exige al día (SUITE-R57).
  ! LEX-R31        PT-054: su entrada de HISTORY.log no declara «Clase de evento: CE-NNN». Es opcional —no todo trabajo repite un tropiezo— pero sin ella la matriz de eventos no puede contar esta tarea, y lo que no se cuenta no se corrige.
  ! SUITE-R35      PT-055: «phase» divergente — el registro dice «10» y su intake dice «9». Se usa el del intake (PT-004: es lo que el PT dice de sí mismo), y por eso se dice: un YAML que se queda atrás apaga comprobaciones sin que nada avise. · AVISO AHORA, ERROR EN G4.
  ! FDGE-R43       PT-055: grafo SUSPECT — 7 de 19 archivos que describe han cambiado desde 2026-08-26 — docs/methodology/tools/audit.mjs, docs/methodology/tools/patrones.mjs, docs/methodology/tools/regla.mjs, docs/methodology/tools/selftest.sh, docs/methodology/tools/tracker.mjs, docs/methodology/tools/verify-fdge.mjs …. No bloquea; sellar sí lo exige al día (SUITE-R57).
  ! LEX-R31        PT-055: su entrada de HISTORY.log no declara «Clase de evento: CE-NNN». Es opcional —no todo trabajo repite un tropiezo— pero sin ella la matriz de eventos no puede contar esta tarea, y lo que no se cuenta no se corrige.
  ! FDGE-R19       PT-056: la rama «chore/PT-056-el-arbol-corresponde-al-checkpoint» no lleva usuario. Desde 8.3.0 el formato es «<type>/<usuario>/PT-NNN-slug». Las ramas anteriores siguen valiendo: una rama abierta se termina como empezo. · AVISO AHORA, ERROR EN G4.
  ! FDGE-R43       PT-056: grafo SUSPECT — 7 de 19 archivos que describe han cambiado desde 2026-08-26 — docs/methodology/tools/audit.mjs, docs/methodology/tools/patrones.mjs, docs/methodology/tools/regla.mjs, docs/methodology/tools/selftest.sh, docs/methodology/tools/tracker.mjs, docs/methodology/tools/verify-fdge.mjs …. No bloquea; sellar sí lo exige al día (SUITE-R57).
  ! LEX-R31        PT-056: su entrada de HISTORY.log no declara «Clase de evento: CE-NNN». Es opcional —no todo trabajo repite un tropiezo— pero sin ella la matriz de eventos no puede contar esta tarea, y lo que no se cuenta no se corrige.
  ! FDGE-R19       PT-057: la rama «chore/PT-057-lo-que-cuesta-una-tarea-sale-del-historial» no lleva usuario. Desde 8.3.0 el formato es «<type>/<usuario>/PT-NNN-slug». Las ramas anteriores siguen valiendo: una rama abierta se termina como empezo. · AVISO AHORA, ERROR EN G4.
  ! FDGE-R43       PT-057: grafo SUSPECT — 7 de 19 archivos que describe han cambiado desde 2026-08-26 — docs/methodology/tools/audit.mjs, docs/methodology/tools/patrones.mjs, docs/methodology/tools/regla.mjs, docs/methodology/tools/selftest.sh, docs/methodology/tools/tracker.mjs, docs/methodology/tools/verify-fdge.mjs …. No bloquea; sellar sí lo exige al día (SUITE-R57).
  ! LEX-R31        PT-057: su entrada de HISTORY.log no declara «Clase de evento: CE-NNN». Es opcional —no todo trabajo repite un tropiezo— pero sin ella la matriz de eventos no puede contar esta tarea, y lo que no se cuenta no se corrige.
  ! FDGE-R19       PT-058: la rama «chore/PT-058-el-presupuesto-dice-de-que-tipo-es-cada-cifra» no lleva usuario. Desde 8.3.0 el formato es «<type>/<usuario>/PT-NNN-slug». Las ramas anteriores siguen valiendo: una rama abierta se termina como empezo. · AVISO AHORA, ERROR EN G4.
  ! FDGE-R43       PT-058: grafo SUSPECT — 7 de 19 archivos que describe han cambiado desde 2026-08-26 — docs/methodology/tools/audit.mjs, docs/methodology/tools/patrones.mjs, docs/methodology/tools/regla.mjs, docs/methodology/tools/selftest.sh, docs/methodology/tools/tracker.mjs, docs/methodology/tools/verify-fdge.mjs …. No bloquea; sellar sí lo exige al día (SUITE-R57).
  ! LEX-R31        PT-058: su entrada de HISTORY.log no declara «Clase de evento: CE-NNN». Es opcional —no todo trabajo repite un tropiezo— pero sin ella la matriz de eventos no puede contar esta tarea, y lo que no se cuenta no se corrige.
  ! FDGE-R19       PT-059: la rama «chore/PT-059-no-empezar-lo-que-no-se-puede-terminar» no lleva usuario. Desde 8.3.0 el formato es «<type>/<usuario>/PT-NNN-slug». Las ramas anteriores siguen valiendo: una rama abierta se termina como empezo. · AVISO AHORA, ERROR EN G4.
  ! FDGE-R43       PT-059: grafo SUSPECT — 7 de 19 archivos que describe han cambiado desde 2026-08-26 — docs/methodology/tools/audit.mjs, docs/methodology/tools/patrones.mjs, docs/methodology/tools/regla.mjs, docs/methodology/tools/selftest.sh, docs/methodology/tools/tracker.mjs, docs/methodology/tools/verify-fdge.mjs …. No bloquea; sellar sí lo exige al día (SUITE-R57).
  ! LEX-R31        PT-059: su entrada de HISTORY.log no declara «Clase de evento: CE-NNN». Es opcional —no todo trabajo repite un tropiezo— pero sin ella la matriz de eventos no puede contar esta tarea, y lo que no se cuenta no se corrige.
  ! FDGE-R19       PT-060: la rama «chore/PT-060-la-sesion-es-el-worker-no-el-estado» no lleva usuario. Desde 8.3.0 el formato es «<type>/<usuario>/PT-NNN-slug». Las ramas anteriores siguen valiendo: una rama abierta se termina como empezo. · AVISO AHORA, ERROR EN G4.
  ! FDGE-R43       PT-060: grafo SUSPECT — 7 de 19 archivos que describe han cambiado desde 2026-08-26 — docs/methodology/tools/audit.mjs, docs/methodology/tools/patrones.mjs, docs/methodology/tools/regla.mjs, docs/methodology/tools/selftest.sh, docs/methodology/tools/tracker.mjs, docs/methodology/tools/verify-fdge.mjs …. No bloquea; sellar sí lo exige al día (SUITE-R57).
  ! LEX-R31        PT-060: su entrada de HISTORY.log no declara «Clase de evento: CE-NNN». Es opcional —no todo trabajo repite un tropiezo— pero sin ella la matriz de eventos no puede contar esta tarea, y lo que no se cuenta no se corrige.
  ! FDGE-R19       PT-061: la rama «chore/PT-061-quien-es-quien-la-identidad-se-declara-y-se-reconcilia» no lleva usuario. Desde 8.3.0 el formato es «<type>/<usuario>/PT-NNN-slug». Las ramas anteriores siguen valiendo: una rama abierta se termina como empezo. · AVISO AHORA, ERROR EN G4.
  ! FDGE-R43       PT-061: grafo SUSPECT — 7 de 19 archivos que describe han cambiado desde 2026-08-26 — docs/methodology/tools/audit.mjs, docs/methodology/tools/patrones.mjs, docs/methodology/tools/regla.mjs, docs/methodology/tools/selftest.sh, docs/methodology/tools/tracker.mjs, docs/methodology/tools/verify-fdge.mjs …. No bloquea; sellar sí lo exige al día (SUITE-R57).
  ! LEX-R31        PT-061: su entrada de HISTORY.log no declara «Clase de evento: CE-NNN». Es opcional —no todo trabajo repite un tropiezo— pero sin ella la matriz de eventos no puede contar esta tarea, y lo que no se cuenta no se corrige.
  ! FDGE-R19       PT-062: la rama «chore/PT-062-los-ids-se-reparten-por-rangos-reservados» no lleva usuario. Desde 8.3.0 el formato es «<type>/<usuario>/PT-NNN-slug». Las ramas anteriores siguen valiendo: una rama abierta se termina como empezo. · AVISO AHORA, ERROR EN G4.
  ! FDGE-R43       PT-062: grafo SUSPECT — 7 de 19 archivos que describe han cambiado desde 2026-08-26 — docs/methodology/tools/audit.mjs, docs/methodology/tools/patrones.mjs, docs/methodology/tools/regla.mjs, docs/methodology/tools/selftest.sh, docs/methodology/tools/tracker.mjs, docs/methodology/tools/verify-fdge.mjs …. No bloquea; sellar sí lo exige al día (SUITE-R57).
  ! LEX-R31        PT-062: su entrada de HISTORY.log no declara «Clase de evento: CE-NNN». Es opcional —no todo trabajo repite un tropiezo— pero sin ella la matriz de eventos no puede contar esta tarea, y lo que no se cuenta no se corrige.
  ! FDGE-R19       PT-063: la rama «chore/PT-063-el-usuario-vive-en-la-rama-de-tarea» no lleva usuario. Desde 8.3.0 el formato es «<type>/<usuario>/PT-NNN-slug». Las ramas anteriores siguen valiendo: una rama abierta se termina como empezo. · AVISO AHORA, ERROR EN G4.
  ! FDGE-R43       PT-063: grafo SUSPECT — 7 de 19 archivos que describe han cambiado desde 2026-08-26 — docs/methodology/tools/audit.mjs, docs/methodology/tools/patrones.mjs, docs/methodology/tools/regla.mjs, docs/methodology/tools/selftest.sh, docs/methodology/tools/tracker.mjs, docs/methodology/tools/verify-fdge.mjs …. No bloquea; sellar sí lo exige al día (SUITE-R57).
  ! FDGE-R23       PT-063: AC-06 marcado verified:false.
  ! LEX-R31        PT-063: su entrada de HISTORY.log no declara «Clase de evento: CE-NNN». Es opcional —no todo trabajo repite un tropiezo— pero sin ella la matriz de eventos no puede contar esta tarea, y lo que no se cuenta no se corrige.
  ! FDGE-R43       PT-064: grafo SUSPECT — 7 de 19 archivos que describe han cambiado desde 2026-08-26 — docs/methodology/tools/audit.mjs, docs/methodology/tools/patrones.mjs, docs/methodology/tools/regla.mjs, docs/methodology/tools/selftest.sh, docs/methodology/tools/tracker.mjs, docs/methodology/tools/verify-fdge.mjs …. No bloquea; sellar sí lo exige al día (SUITE-R57).
  ! LEX-R31        PT-064: su entrada de HISTORY.log no declara «Clase de evento: CE-NNN». Es opcional —no todo trabajo repite un tropiezo— pero sin ella la matriz de eventos no puede contar esta tarea, y lo que no se cuenta no se corrige.
  ! FDGE-R43       PT-065: grafo SUSPECT — 7 de 19 archivos que describe han cambiado desde 2026-08-26 — docs/methodology/tools/audit.mjs, docs/methodology/tools/patrones.mjs, docs/methodology/tools/regla.mjs, docs/methodology/tools/selftest.sh, docs/methodology/tools/tracker.mjs, docs/methodology/tools/verify-fdge.mjs …. No bloquea; sellar sí lo exige al día (SUITE-R57).
  ! LEX-R31        PT-065: su entrada de HISTORY.log no declara «Clase de evento: CE-NNN». Es opcional —no todo trabajo repite un tropiezo— pero sin ella la matriz de eventos no puede contar esta tarea, y lo que no se cuenta no se corrige.
  ! SUITE-R35      PT-066: «phase» divergente — el registro dice «10» y su intake dice «9». Se usa el del intake (PT-004: es lo que el PT dice de sí mismo), y por eso se dice: un YAML que se queda atrás apaga comprobaciones sin que nada avise. · AVISO AHORA, ERROR EN G4.
  ! FDGE-R43       PT-066: grafo SUSPECT — 7 de 19 archivos que describe han cambiado desde 2026-08-26 — docs/methodology/tools/audit.mjs, docs/methodology/tools/patrones.mjs, docs/methodology/tools/regla.mjs, docs/methodology/tools/selftest.sh, docs/methodology/tools/tracker.mjs, docs/methodology/tools/verify-fdge.mjs …. No bloquea; sellar sí lo exige al día (SUITE-R57).
  ! LEX-R31        PT-066: su entrada de HISTORY.log no declara «Clase de evento: CE-NNN». Es opcional —no todo trabajo repite un tropiezo— pero sin ella la matriz de eventos no puede contar esta tarea, y lo que no se cuenta no se corrige.
  ! SUITE-R35      PT-067: «phase» divergente — el registro dice «10» y su intake dice «9». Se usa el del intake (PT-004: es lo que el PT dice de sí mismo), y por eso se dice: un YAML que se queda atrás apaga comprobaciones sin que nada avise. · AVISO AHORA, ERROR EN G4.
  ! FDGE-R43       PT-067: grafo SUSPECT — 7 de 19 archivos que describe han cambiado desde 2026-08-26 — docs/methodology/tools/audit.mjs, docs/methodology/tools/patrones.mjs, docs/methodology/tools/regla.mjs, docs/methodology/tools/selftest.sh, docs/methodology/tools/tracker.mjs, docs/methodology/tools/verify-fdge.mjs …. No bloquea; sellar sí lo exige al día (SUITE-R57).
  ! LEX-R31        PT-067: su entrada de HISTORY.log no declara «Clase de evento: CE-NNN». Es opcional —no todo trabajo repite un tropiezo— pero sin ella la matriz de eventos no puede contar esta tarea, y lo que no se cuenta no se corrige.
  ! SUITE-R35      PT-068: «phase» divergente — el registro dice «10» y su intake dice «9». Se usa el del intake (PT-004: es lo que el PT dice de sí mismo), y por eso se dice: un YAML que se queda atrás apaga comprobaciones sin que nada avise. · AVISO AHORA, ERROR EN G4.
  ! FDGE-R43       PT-068: grafo SUSPECT — 7 de 19 archivos que describe han cambiado desde 2026-08-26 — docs/methodology/tools/audit.mjs, docs/methodology/tools/patrones.mjs, docs/methodology/tools/regla.mjs, docs/methodology/tools/selftest.sh, docs/methodology/tools/tracker.mjs, docs/methodology/tools/verify-fdge.mjs …. No bloquea; sellar sí lo exige al día (SUITE-R57).
  ! LEX-R31        PT-068: su entrada de HISTORY.log no declara «Clase de evento: CE-NNN». Es opcional —no todo trabajo repite un tropiezo— pero sin ella la matriz de eventos no puede contar esta tarea, y lo que no se cuenta no se corrige.
  ! FDGE-R43       PT-069: grafo SUSPECT — 7 de 19 archivos que describe han cambiado desde 2026-08-26 — docs/methodology/tools/audit.mjs, docs/methodology/tools/patrones.mjs, docs/methodology/tools/regla.mjs, docs/methodology/tools/selftest.sh, docs/methodology/tools/tracker.mjs, docs/methodology/tools/verify-fdge.mjs …. No bloquea; sellar sí lo exige al día (SUITE-R57).
  ! LEX-R31        PT-069: su entrada de HISTORY.log no declara «Clase de evento: CE-NNN». Es opcional —no todo trabajo repite un tropiezo— pero sin ella la matriz de eventos no puede contar esta tarea, y lo que no se cuenta no se corrige.
  ! FDGE-R43       PT-070: grafo SUSPECT — 7 de 19 archivos que describe han cambiado desde 2026-08-26 — docs/methodology/tools/audit.mjs, docs/methodology/tools/patrones.mjs, docs/methodology/tools/regla.mjs, docs/methodology/tools/selftest.sh, docs/methodology/tools/tracker.mjs, docs/methodology/tools/verify-fdge.mjs …. No bloquea; sellar sí lo exige al día (SUITE-R57).
  ! LEX-R31        PT-070: su entrada de HISTORY.log no declara «Clase de evento: CE-NNN». Es opcional —no todo trabajo repite un tropiezo— pero sin ella la matriz de eventos no puede contar esta tarea, y lo que no se cuenta no se corrige.
  ! FDGE-R43       PT-071: grafo SUSPECT — 7 de 19 archivos que describe han cambiado desde 2026-08-26 — docs/methodology/tools/audit.mjs, docs/methodology/tools/patrones.mjs, docs/methodology/tools/regla.mjs, docs/methodology/tools/selftest.sh, docs/methodology/tools/tracker.mjs, docs/methodology/tools/verify-fdge.mjs …. No bloquea; sellar sí lo exige al día (SUITE-R57).
  ! LEX-R31        PT-071: su entrada de HISTORY.log no declara «Clase de evento: CE-NNN». Es opcional —no todo trabajo repite un tropiezo— pero sin ella la matriz de eventos no puede contar esta tarea, y lo que no se cuenta no se corrige.
  ! SUITE-R35      PT-072: «phase» divergente — el registro dice «10» y su intake dice «9». Se usa el del intake (PT-004: es lo que el PT dice de sí mismo), y por eso se dice: un YAML que se queda atrás apaga comprobaciones sin que nada avise. · AVISO AHORA, ERROR EN G4.
  ! FDGE-R43       PT-072: grafo SUSPECT — 7 de 19 archivos que describe han cambiado desde 2026-08-26 — docs/methodology/tools/audit.mjs, docs/methodology/tools/patrones.mjs, docs/methodology/tools/regla.mjs, docs/methodology/tools/selftest.sh, docs/methodology/tools/tracker.mjs, docs/methodology/tools/verify-fdge.mjs …. No bloquea; sellar sí lo exige al día (SUITE-R57).
  ! LEX-R31        PT-072: su entrada de HISTORY.log no declara «Clase de evento: CE-NNN». Es opcional —no todo trabajo repite un tropiezo— pero sin ella la matriz de eventos no puede contar esta tarea, y lo que no se cuenta no se corrige.
  ! FDGE-R43       PT-073: grafo SUSPECT — 7 de 19 archivos que describe han cambiado desde 2026-08-26 — docs/methodology/tools/audit.mjs, docs/methodology/tools/patrones.mjs, docs/methodology/tools/regla.mjs, docs/methodology/tools/selftest.sh, docs/methodology/tools/tracker.mjs, docs/methodology/tools/verify-fdge.mjs …. No bloquea; sellar sí lo exige al día (SUITE-R57).
  ! LEX-R31        PT-073: su entrada de HISTORY.log no declara «Clase de evento: CE-NNN». Es opcional —no todo trabajo repite un tropiezo— pero sin ella la matriz de eventos no puede contar esta tarea, y lo que no se cuenta no se corrige.
  ! SUITE-R35      PT-074: «phase» divergente — el registro dice «10» y su intake dice «9». Se usa el del intake (PT-004: es lo que el PT dice de sí mismo), y por eso se dice: un YAML que se queda atrás apaga comprobaciones sin que nada avise. · AVISO AHORA, ERROR EN G4.
  ! FDGE-R43       PT-074: grafo SUSPECT — 7 de 19 archivos que describe han cambiado desde 2026-08-26 — docs/methodology/tools/audit.mjs, docs/methodology/tools/patrones.mjs, docs/methodology/tools/regla.mjs, docs/methodology/tools/selftest.sh, docs/methodology/tools/tracker.mjs, docs/methodology/tools/verify-fdge.mjs …. No bloquea; sellar sí lo exige al día (SUITE-R57).
  ! LEX-R31        PT-074: su entrada de HISTORY.log no declara «Clase de evento: CE-NNN». Es opcional —no todo trabajo repite un tropiezo— pero sin ella la matriz de eventos no puede contar esta tarea, y lo que no se cuenta no se corrige.
  ! SUITE-R35      PT-075: «phase» divergente — el registro dice «10» y su intake dice «9». Se usa el del intake (PT-004: es lo que el PT dice de sí mismo), y por eso se dice: un YAML que se queda atrás apaga comprobaciones sin que nada avise. · AVISO AHORA, ERROR EN G4.
  ! FDGE-R43       PT-075: grafo SUSPECT — 7 de 19 archivos que describe han cambiado desde 2026-08-26 — docs/methodology/tools/audit.mjs, docs/methodology/tools/patrones.mjs, docs/methodology/tools/regla.mjs, docs/methodology/tools/selftest.sh, docs/methodology/tools/tracker.mjs, docs/methodology/tools/verify-fdge.mjs …. No bloquea; sellar sí lo exige al día (SUITE-R57).
  ! LEX-R31        PT-075: su entrada de HISTORY.log no declara «Clase de evento: CE-NNN». Es opcional —no todo trabajo repite un tropiezo— pero sin ella la matriz de eventos no puede contar esta tarea, y lo que no se cuenta no se corrige.
  ! SUITE-R35      PT-076: «phase» divergente — el registro dice «10» y su intake dice «9». Se usa el del intake (PT-004: es lo que el PT dice de sí mismo), y por eso se dice: un YAML que se queda atrás apaga comprobaciones sin que nada avise. · AVISO AHORA, ERROR EN G4.
  ! FDGE-R43       PT-076: grafo SUSPECT — 7 de 19 archivos que describe han cambiado desde 2026-08-26 — docs/methodology/tools/audit.mjs, docs/methodology/tools/patrones.mjs, docs/methodology/tools/regla.mjs, docs/methodology/tools/selftest.sh, docs/methodology/tools/tracker.mjs, docs/methodology/tools/verify-fdge.mjs …. No bloquea; sellar sí lo exige al día (SUITE-R57).
  ! LEX-R31        PT-076: su entrada de HISTORY.log no declara «Clase de evento: CE-NNN». Es opcional —no todo trabajo repite un tropiezo— pero sin ella la matriz de eventos no puede contar esta tarea, y lo que no se cuenta no se corrige.
  ! FDGE-R43       PT-077: grafo SUSPECT — 7 de 19 archivos que describe han cambiado desde 2026-08-26 — docs/methodology/tools/audit.mjs, docs/methodology/tools/patrones.mjs, docs/methodology/tools/regla.mjs, docs/methodology/tools/selftest.sh, docs/methodology/tools/tracker.mjs, docs/methodology/tools/verify-fdge.mjs …. No bloquea; sellar sí lo exige al día (SUITE-R57).
  ! LEX-R31        PT-077: su entrada de HISTORY.log no declara «Clase de evento: CE-NNN». Es opcional —no todo trabajo repite un tropiezo— pero sin ella la matriz de eventos no puede contar esta tarea, y lo que no se cuenta no se corrige.
  ! FDGE-R43       PT-078: grafo SUSPECT — 7 de 19 archivos que describe han cambiado desde 2026-08-26 — docs/methodology/tools/audit.mjs, docs/methodology/tools/patrones.mjs, docs/methodology/tools/regla.mjs, docs/methodology/tools/selftest.sh, docs/methodology/tools/tracker.mjs, docs/methodology/tools/verify-fdge.mjs …. No bloquea; sellar sí lo exige al día (SUITE-R57).
  ! LEX-R31        PT-078: su entrada de HISTORY.log no declara «Clase de evento: CE-NNN». Es opcional —no todo trabajo repite un tropiezo— pero sin ella la matriz de eventos no puede contar esta tarea, y lo que no se cuenta no se corrige.
  ! FDGE-R43       PT-079: grafo SUSPECT — 7 de 19 archivos que describe han cambiado desde 2026-08-26 — docs/methodology/tools/audit.mjs, docs/methodology/tools/patrones.mjs, docs/methodology/tools/regla.mjs, docs/methodology/tools/selftest.sh, docs/methodology/tools/tracker.mjs, docs/methodology/tools/verify-fdge.mjs …. No bloquea; sellar sí lo exige al día (SUITE-R57).
  ! LEX-R31        PT-079: su entrada de HISTORY.log no declara «Clase de evento: CE-NNN». Es opcional —no todo trabajo repite un tropiezo— pero sin ella la matriz de eventos no puede contar esta tarea, y lo que no se cuenta no se corrige.
  ! FDGE-R43       PT-080: grafo SUSPECT — 7 de 19 archivos que describe han cambiado desde 2026-08-26 — docs/methodology/tools/audit.mjs, docs/methodology/tools/patrones.mjs, docs/methodology/tools/regla.mjs, docs/methodology/tools/selftest.sh, docs/methodology/tools/tracker.mjs, docs/methodology/tools/verify-fdge.mjs …. No bloquea; sellar sí lo exige al día (SUITE-R57).
  ! LEX-R31        PT-080: su entrada de HISTORY.log no declara «Clase de evento: CE-NNN». Es opcional —no todo trabajo repite un tropiezo— pero sin ella la matriz de eventos no puede contar esta tarea, y lo que no se cuenta no se corrige.
  ! SUITE-R35      PT-081: «phase» divergente — el registro dice «10» y su intake dice «9». Se usa el del intake (PT-004: es lo que el PT dice de sí mismo), y por eso se dice: un YAML que se queda atrás apaga comprobaciones sin que nada avise. · AVISO AHORA, ERROR EN G4.
  ! FDGE-R43       PT-081: grafo SUSPECT — 7 de 19 archivos que describe han cambiado desde 2026-08-26 — docs/methodology/tools/audit.mjs, docs/methodology/tools/patrones.mjs, docs/methodology/tools/regla.mjs, docs/methodology/tools/selftest.sh, docs/methodology/tools/tracker.mjs, docs/methodology/tools/verify-fdge.mjs …. No bloquea; sellar sí lo exige al día (SUITE-R57).
  ! LEX-R31        PT-081: su entrada de HISTORY.log no declara «Clase de evento: CE-NNN». Es opcional —no todo trabajo repite un tropiezo— pero sin ella la matriz de eventos no puede contar esta tarea, y lo que no se cuenta no se corrige.
  ! SUITE-R35      PT-082: «phase» divergente — el registro dice «10» y su intake dice «9». Se usa el del intake (PT-004: es lo que el PT dice de sí mismo), y por eso se dice: un YAML que se queda atrás apaga comprobaciones sin que nada avise. · AVISO AHORA, ERROR EN G4.
  ! FDGE-R43       PT-082: grafo SUSPECT — 7 de 19 archivos que describe han cambiado desde 2026-08-26 — docs/methodology/tools/audit.mjs, docs/methodology/tools/patrones.mjs, docs/methodology/tools/regla.mjs, docs/methodology/tools/selftest.sh, docs/methodology/tools/tracker.mjs, docs/methodology/tools/verify-fdge.mjs …. No bloquea; sellar sí lo exige al día (SUITE-R57).
  ! LEX-R31        PT-082: su entrada de HISTORY.log no declara «Clase de evento: CE-NNN». Es opcional —no todo trabajo repite un tropiezo— pero sin ella la matriz de eventos no puede contar esta tarea, y lo que no se cuenta no se corrige.
  ! FDGE-R43       PT-083: grafo SUSPECT — 7 de 19 archivos que describe han cambiado desde 2026-08-26 — docs/methodology/tools/audit.mjs, docs/methodology/tools/patrones.mjs, docs/methodology/tools/regla.mjs, docs/methodology/tools/selftest.sh, docs/methodology/tools/tracker.mjs, docs/methodology/tools/verify-fdge.mjs …. No bloquea; sellar sí lo exige al día (SUITE-R57).
  ! LEX-R31        PT-083: su entrada de HISTORY.log no declara «Clase de evento: CE-NNN». Es opcional —no todo trabajo repite un tropiezo— pero sin ella la matriz de eventos no puede contar esta tarea, y lo que no se cuenta no se corrige.
  ! FDGE-R43       PT-084: grafo SUSPECT — 7 de 19 archivos que describe han cambiado desde 2026-08-26 — docs/methodology/tools/audit.mjs, docs/methodology/tools/patrones.mjs, docs/methodology/tools/regla.mjs, docs/methodology/tools/selftest.sh, docs/methodology/tools/tracker.mjs, docs/methodology/tools/verify-fdge.mjs …. No bloquea; sellar sí lo exige al día (SUITE-R57).
  ! LEX-R31        PT-084: su entrada de HISTORY.log no declara «Clase de evento: CE-NNN». Es opcional —no todo trabajo repite un tropiezo— pero sin ella la matriz de eventos no puede contar esta tarea, y lo que no se cuenta no se corrige.
  ! FDGE-R43       PT-085: grafo SUSPECT — 7 de 19 archivos que describe han cambiado desde 2026-08-26 — docs/methodology/tools/audit.mjs, docs/methodology/tools/patrones.mjs, docs/methodology/tools/regla.mjs, docs/methodology/tools/selftest.sh, docs/methodology/tools/tracker.mjs, docs/methodology/tools/verify-fdge.mjs …. No bloquea; sellar sí lo exige al día (SUITE-R57).
  ! LEX-R31        PT-085: su entrada de HISTORY.log no declara «Clase de evento: CE-NNN». Es opcional —no todo trabajo repite un tropiezo— pero sin ella la matriz de eventos no puede contar esta tarea, y lo que no se cuenta no se corrige.
  ! FDGE-R43       PT-086: grafo SUSPECT — 7 de 19 archivos que describe han cambiado desde 2026-08-26 — docs/methodology/tools/audit.mjs, docs/methodology/tools/patrones.mjs, docs/methodology/tools/regla.mjs, docs/methodology/tools/selftest.sh, docs/methodology/tools/tracker.mjs, docs/methodology/tools/verify-fdge.mjs …. No bloquea; sellar sí lo exige al día (SUITE-R57).
  ! LEX-R31        PT-086: su entrada de HISTORY.log no declara «Clase de evento: CE-NNN». Es opcional —no todo trabajo repite un tropiezo— pero sin ella la matriz de eventos no puede contar esta tarea, y lo que no se cuenta no se corrige.
  ! FDGE-R43       PT-087: grafo SUSPECT — 7 de 19 archivos que describe han cambiado desde 2026-08-26 — docs/methodology/tools/audit.mjs, docs/methodology/tools/patrones.mjs, docs/methodology/tools/regla.mjs, docs/methodology/tools/selftest.sh, docs/methodology/tools/tracker.mjs, docs/methodology/tools/verify-fdge.mjs …. No bloquea; sellar sí lo exige al día (SUITE-R57).
  ! LEX-R31        PT-087: su entrada de HISTORY.log no declara «Clase de evento: CE-NNN». Es opcional —no todo trabajo repite un tropiezo— pero sin ella la matriz de eventos no puede contar esta tarea, y lo que no se cuenta no se corrige.
  ! FDGE-R43       PT-088: grafo SUSPECT — 7 de 19 archivos que describe han cambiado desde 2026-08-26 — docs/methodology/tools/audit.mjs, docs/methodology/tools/patrones.mjs, docs/methodology/tools/regla.mjs, docs/methodology/tools/selftest.sh, docs/methodology/tools/tracker.mjs, docs/methodology/tools/verify-fdge.mjs …. No bloquea; sellar sí lo exige al día (SUITE-R57).
  ! LEX-R31        PT-088: su entrada de HISTORY.log no declara «Clase de evento: CE-NNN». Es opcional —no todo trabajo repite un tropiezo— pero sin ella la matriz de eventos no puede contar esta tarea, y lo que no se cuenta no se corrige.
  ! SUITE-R44      PT-088: 5 fila(s) de changes/PT-088-las-reglas-del-dominio-se-verifican-o-se-declaran/out-of-scope.md no declaran su destino con el vocabulario cerrado. O es «—» —no aplaza— o cita un identificador que lo sostiene: un hermano del lote, o una allocation DEFERRED cuyo «origin» mencione PT-088. Sin eso, aplazar es narrar. «Qué queda fuera» → «Destino» no cita a nadie · «Las otras **98** reglas sin verificador» → «`—`» no cita a nadie · «Hash encadenado para el ledger» → «`—`» no cita a nadie · «Distinguir una **corrección legítima** de un» → «`—`» no cita a nadie · «Cambiar la severidad de `SUITE-R01` a `CHECK» → «`—`» no cita a nadie
  ! FDGE-R43       PT-089: grafo SUSPECT — 7 de 19 archivos que describe han cambiado desde 2026-08-26 — docs/methodology/tools/audit.mjs, docs/methodology/tools/patrones.mjs, docs/methodology/tools/regla.mjs, docs/methodology/tools/selftest.sh, docs/methodology/tools/tracker.mjs, docs/methodology/tools/verify-fdge.mjs …. No bloquea; sellar sí lo exige al día (SUITE-R57).
  ! LEX-R31        PT-089: su entrada de HISTORY.log no declara «Clase de evento: CE-NNN». Es opcional —no todo trabajo repite un tropiezo— pero sin ella la matriz de eventos no puede contar esta tarea, y lo que no se cuenta no se corrige.
  ! SUITE-R44      PT-089: 7 fila(s) de changes/PT-089-la-divergencia-no-apaga-comprobaciones/out-of-scope.md no declaran su destino con el vocabulario cerrado. O es «—» —no aplaza— o cita un identificador que lo sostiene: un hermano del lote, o una allocation DEFERRED cuyo «origin» mencione PT-089. Sin eso, aplazar es narrar. «Qué queda fuera» → «Destino» no cita a nadie · «Las **22** divergencias de `phase` en tareas» → «`—`» no cita a nadie · «Las **7** divergencias de `estado` en los ín» → «`—`» no cita a nadie · «Decidir **cuál fuente manda**» → «`—`» no cita a nadie · «Eliminar el YAML del intake» → «`—`» no cita a nadie · «Que `avanzar` decida cómo termina una tarea» → «`—`» no cita a nadie · «Los otros **41** avisos de `verify-fdge --al» → «`—`» no cita a nadie
  ! FDGE-R43       PT-090: grafo SUSPECT — 7 de 19 archivos que describe han cambiado desde 2026-08-26 — docs/methodology/tools/audit.mjs, docs/methodology/tools/patrones.mjs, docs/methodology/tools/regla.mjs, docs/methodology/tools/selftest.sh, docs/methodology/tools/tracker.mjs, docs/methodology/tools/verify-fdge.mjs …. No bloquea; sellar sí lo exige al día (SUITE-R57).
  ! LEX-R31        PT-090: su entrada de HISTORY.log no declara «Clase de evento: CE-NNN». Es opcional —no todo trabajo repite un tropiezo— pero sin ella la matriz de eventos no puede contar esta tarea, y lo que no se cuenta no se corrige.
  ! SUITE-R44      PT-090: 6 fila(s) de changes/PT-090-la-frescura-del-grafo-viaja-con-el-repositorio/out-of-scope.md no declaran su destino con el vocabulario cerrado. O es «—» —no aplaza— o cita un identificador que lo sostiene: un hermano del lote, o una allocation DEFERRED cuyo «origin» mencione PT-090. Sin eso, aplazar es narrar. «Qué queda fuera» → «Destino» no cita a nadie · «**Versionar `graphify-out/`**» → «`—`» no cita a nadie · «Generar el grafo en **CI**» → «`—`» no cita a nadie · «Versionar sólo `manifest.json`» → «`—`» no cita a nadie · «Que en un clon limpio la frescura **se compr» → «`—`» no cita a nadie · «Cambiar el **alcance** del grafo» → «`—`» no cita a nadie
  ! FDGE-R43       PT-091: grafo SUSPECT — 7 de 19 archivos que describe han cambiado desde 2026-08-26 — docs/methodology/tools/audit.mjs, docs/methodology/tools/patrones.mjs, docs/methodology/tools/regla.mjs, docs/methodology/tools/selftest.sh, docs/methodology/tools/tracker.mjs, docs/methodology/tools/verify-fdge.mjs …. No bloquea; sellar sí lo exige al día (SUITE-R57).
  ! LEX-R31        PT-091: su entrada de HISTORY.log no declara «Clase de evento: CE-NNN». Es opcional —no todo trabajo repite un tropiezo— pero sin ella la matriz de eventos no puede contar esta tarea, y lo que no se cuenta no se corrige.
  ! SUITE-R44      PT-091: 7 fila(s) de changes/PT-091-las-cifras-se-derivan-no-se-transcriben/out-of-scope.md no declaran su destino con el vocabulario cerrado. O es «—» —no aplaza— o cita un identificador que lo sostiene: un hermano del lote, o una allocation DEFERRED cuyo «origin» mencione PT-091. Sin eso, aplazar es narrar. «Qué queda fuera» → «Destino» no cita a nadie · «Derivar la **prosa** del inventario» → «`—`» no cita a nadie · «Regenerar **Foundation** entera» → «`—`» no cita a nadie · «Las cifras de los **otros** documentos de Fo» → «`—`» no cita a nadie · «Un `pre-commit` que las reescriba» → «`—`» no cita a nadie · «Que la comprobación **falle**» → «`—`» no cita a nadie · «Enumerar bien los **comandos** de `CLAUDE.md» → «`—`» no cita a nadie
  ! FDGE-R43       PT-092: grafo SUSPECT — 7 de 19 archivos que describe han cambiado desde 2026-08-26 — docs/methodology/tools/audit.mjs, docs/methodology/tools/patrones.mjs, docs/methodology/tools/regla.mjs, docs/methodology/tools/selftest.sh, docs/methodology/tools/tracker.mjs, docs/methodology/tools/verify-fdge.mjs …. No bloquea; sellar sí lo exige al día (SUITE-R57).
  ! LEX-R31        PT-092: su entrada de HISTORY.log no declara «Clase de evento: CE-NNN». Es opcional —no todo trabajo repite un tropiezo— pero sin ella la matriz de eventos no puede contar esta tarea, y lo que no se cuenta no se corrige.
  ! SUITE-R44      PT-092: 7 fila(s) de changes/PT-092-ejecutar-qa-y-fpge/out-of-scope.md no declaran su destino con el vocabulario cerrado. O es «—» —no aplaza— o cita un identificador que lo sostiene: un hermano del lote, o una allocation DEFERRED cuyo «origin» mencione PT-092. Sin eso, aplazar es narrar. «Qué queda fuera» → «Destino» no cita a nadie · «**Ejecutar `FIDE`**» → «`R-001` del roadmap» no cita a nadie · «Levantar una interfaz para poder ejecutar `Q» → «`—`» no cita a nadie · «**Actuar sobre lo que `FPGE` encontró**» → «`EP` siguiente» no cita a nadie · «Arreglar `INC-001`» → «`R-005` del roadmap» no cita a nadie · «**Cerrar `H-008`**» → «`—`» no cita a nadie · «Las 21 celdas `NO_EVALUADA` de la matriz» → «`R-008` del roadmap» no cita a nadie
  ! FDGE-R43       PT-093: grafo SUSPECT — 7 de 19 archivos que describe han cambiado desde 2026-08-26 — docs/methodology/tools/audit.mjs, docs/methodology/tools/patrones.mjs, docs/methodology/tools/regla.mjs, docs/methodology/tools/selftest.sh, docs/methodology/tools/tracker.mjs, docs/methodology/tools/verify-fdge.mjs …. No bloquea; sellar sí lo exige al día (SUITE-R57).
  ! LEX-R31        PT-093: su entrada de HISTORY.log no declara «Clase de evento: CE-NNN». Es opcional —no todo trabajo repite un tropiezo— pero sin ella la matriz de eventos no puede contar esta tarea, y lo que no se cuenta no se corrige.
  ! SUITE-R44      PT-093: 7 fila(s) de changes/PT-093-el-limite-de-las-compuertas-se-declara/out-of-scope.md no declaran su destino con el vocabulario cerrado. O es «—» —no aplaza— o cita un identificador que lo sostiene: un hermano del lote, o una allocation DEFERRED cuyo «origin» mencione PT-093. Sin eso, aplazar es narrar. «Qué queda fuera» → «Destino» no cita a nadie · «Exigir un **revisor aprobador** en la rama p» → «`—`» no cita a nadie · «Retirar credenciales de `gh` al agente» → «`—`» no cita a nadie · «Firma **criptográfica** del firmante» → «`—`» no cita a nadie · «Un **segundo agente** que apruebe» → «`—`» no cita a nadie · «Comprobar que la autorización **existiera**» → «`—`» no cita a nadie · «Que la declaración **se lea**» → «`—`» no cita a nadie
  ! FDGE-R43       PT-094: grafo SUSPECT — 7 de 19 archivos que describe han cambiado desde 2026-08-26 — docs/methodology/tools/audit.mjs, docs/methodology/tools/patrones.mjs, docs/methodology/tools/regla.mjs, docs/methodology/tools/selftest.sh, docs/methodology/tools/tracker.mjs, docs/methodology/tools/verify-fdge.mjs …. No bloquea; sellar sí lo exige al día (SUITE-R57).
  ! LEX-R31        PT-094: su entrada de HISTORY.log no declara «Clase de evento: CE-NNN». Es opcional —no todo trabajo repite un tropiezo— pero sin ella la matriz de eventos no puede contar esta tarea, y lo que no se cuenta no se corrige.
  ! FDGE-R43       PT-095: grafo SUSPECT — 7 de 19 archivos que describe han cambiado desde 2026-08-26 — docs/methodology/tools/audit.mjs, docs/methodology/tools/patrones.mjs, docs/methodology/tools/regla.mjs, docs/methodology/tools/selftest.sh, docs/methodology/tools/tracker.mjs, docs/methodology/tools/verify-fdge.mjs …. No bloquea; sellar sí lo exige al día (SUITE-R57).
  ! LEX-R31        PT-095: su entrada de HISTORY.log no declara «Clase de evento: CE-NNN». Es opcional —no todo trabajo repite un tropiezo— pero sin ella la matriz de eventos no puede contar esta tarea, y lo que no se cuenta no se corrige.
  ! FDGE-R43       PT-096: grafo SUSPECT — 7 de 19 archivos que describe han cambiado desde 2026-08-26 — docs/methodology/tools/audit.mjs, docs/methodology/tools/patrones.mjs, docs/methodology/tools/regla.mjs, docs/methodology/tools/selftest.sh, docs/methodology/tools/tracker.mjs, docs/methodology/tools/verify-fdge.mjs …. No bloquea; sellar sí lo exige al día (SUITE-R57).
  ! LEX-R31        PT-096: su entrada de HISTORY.log no declara «Clase de evento: CE-NNN». Es opcional —no todo trabajo repite un tropiezo— pero sin ella la matriz de eventos no puede contar esta tarea, y lo que no se cuenta no se corrige.
  ! FDGE-R43       PT-097: grafo SUSPECT — 7 de 19 archivos que describe han cambiado desde 2026-08-26 — docs/methodology/tools/audit.mjs, docs/methodology/tools/patrones.mjs, docs/methodology/tools/regla.mjs, docs/methodology/tools/selftest.sh, docs/methodology/tools/tracker.mjs, docs/methodology/tools/verify-fdge.mjs …. No bloquea; sellar sí lo exige al día (SUITE-R57).
  ! LEX-R31        PT-097: su entrada de HISTORY.log no declara «Clase de evento: CE-NNN». Es opcional —no todo trabajo repite un tropiezo— pero sin ella la matriz de eventos no puede contar esta tarea, y lo que no se cuenta no se corrige.
  ! FDGE-R43       PT-098: grafo SUSPECT — 7 de 19 archivos que describe han cambiado desde 2026-08-26 — docs/methodology/tools/audit.mjs, docs/methodology/tools/patrones.mjs, docs/methodology/tools/regla.mjs, docs/methodology/tools/selftest.sh, docs/methodology/tools/tracker.mjs, docs/methodology/tools/verify-fdge.mjs …. No bloquea; sellar sí lo exige al día (SUITE-R57).
  ! LEX-R31        PT-098: su entrada de HISTORY.log no declara «Clase de evento: CE-NNN». Es opcional —no todo trabajo repite un tropiezo— pero sin ella la matriz de eventos no puede contar esta tarea, y lo que no se cuenta no se corrige.
  ! FDGE-R43       PT-099: grafo SUSPECT — 7 de 19 archivos que describe han cambiado desde 2026-08-26 — docs/methodology/tools/audit.mjs, docs/methodology/tools/patrones.mjs, docs/methodology/tools/regla.mjs, docs/methodology/tools/selftest.sh, docs/methodology/tools/tracker.mjs, docs/methodology/tools/verify-fdge.mjs …. No bloquea; sellar sí lo exige al día (SUITE-R57).
  ! LEX-R31        PT-099: su entrada de HISTORY.log no declara «Clase de evento: CE-NNN». Es opcional —no todo trabajo repite un tropiezo— pero sin ella la matriz de eventos no puede contar esta tarea, y lo que no se cuenta no se corrige.
  ! FDGE-R43       PT-100: grafo SUSPECT — 7 de 19 archivos que describe han cambiado desde 2026-08-26 — docs/methodology/tools/audit.mjs, docs/methodology/tools/patrones.mjs, docs/methodology/tools/regla.mjs, docs/methodology/tools/selftest.sh, docs/methodology/tools/tracker.mjs, docs/methodology/tools/verify-fdge.mjs …. No bloquea; sellar sí lo exige al día (SUITE-R57).
  ! LEX-R31        PT-100: su entrada de HISTORY.log no declara «Clase de evento: CE-NNN». Es opcional —no todo trabajo repite un tropiezo— pero sin ella la matriz de eventos no puede contar esta tarea, y lo que no se cuenta no se corrige.
  ! FDGE-R43       PT-101: grafo SUSPECT — 7 de 19 archivos que describe han cambiado desde 2026-08-26 — docs/methodology/tools/audit.mjs, docs/methodology/tools/patrones.mjs, docs/methodology/tools/regla.mjs, docs/methodology/tools/selftest.sh, docs/methodology/tools/tracker.mjs, docs/methodology/tools/verify-fdge.mjs …. No bloquea; sellar sí lo exige al día (SUITE-R57).
  ! LEX-R31        PT-101: su entrada de HISTORY.log no declara «Clase de evento: CE-NNN». Es opcional —no todo trabajo repite un tropiezo— pero sin ella la matriz de eventos no puede contar esta tarea, y lo que no se cuenta no se corrige.
  ! FDGE-R43       PT-102: grafo SUSPECT — 7 de 19 archivos que describe han cambiado desde 2026-08-26 — docs/methodology/tools/audit.mjs, docs/methodology/tools/patrones.mjs, docs/methodology/tools/regla.mjs, docs/methodology/tools/selftest.sh, docs/methodology/tools/tracker.mjs, docs/methodology/tools/verify-fdge.mjs …. No bloquea; sellar sí lo exige al día (SUITE-R57).
  ! LEX-R31        PT-102: su entrada de HISTORY.log no declara «Clase de evento: CE-NNN». Es opcional —no todo trabajo repite un tropiezo— pero sin ella la matriz de eventos no puede contar esta tarea, y lo que no se cuenta no se corrige.
  ! FDGE-R43       PT-103: grafo SUSPECT — 7 de 19 archivos que describe han cambiado desde 2026-08-26 — docs/methodology/tools/audit.mjs, docs/methodology/tools/patrones.mjs, docs/methodology/tools/regla.mjs, docs/methodology/tools/selftest.sh, docs/methodology/tools/tracker.mjs, docs/methodology/tools/verify-fdge.mjs …. No bloquea; sellar sí lo exige al día (SUITE-R57).
  ! LEX-R31        PT-103: su entrada de HISTORY.log no declara «Clase de evento: CE-NNN». Es opcional —no todo trabajo repite un tropiezo— pero sin ella la matriz de eventos no puede contar esta tarea, y lo que no se cuenta no se corrige.
  ! FDGE-R43       PT-104: grafo SUSPECT — 7 de 19 archivos que describe han cambiado desde 2026-08-26 — docs/methodology/tools/audit.mjs, docs/methodology/tools/patrones.mjs, docs/methodology/tools/regla.mjs, docs/methodology/tools/selftest.sh, docs/methodology/tools/tracker.mjs, docs/methodology/tools/verify-fdge.mjs …. No bloquea; sellar sí lo exige al día (SUITE-R57).
  ! LEX-R31        PT-104: su entrada de HISTORY.log no declara «Clase de evento: CE-NNN». Es opcional —no todo trabajo repite un tropiezo— pero sin ella la matriz de eventos no puede contar esta tarea, y lo que no se cuenta no se corrige.
  ! FDGE-R43       PT-105: grafo SUSPECT — 7 de 19 archivos que describe han cambiado desde 2026-08-26 — docs/methodology/tools/audit.mjs, docs/methodology/tools/patrones.mjs, docs/methodology/tools/regla.mjs, docs/methodology/tools/selftest.sh, docs/methodology/tools/tracker.mjs, docs/methodology/tools/verify-fdge.mjs …. No bloquea; sellar sí lo exige al día (SUITE-R57).
  ! LEX-R31        PT-105: su entrada de HISTORY.log no declara «Clase de evento: CE-NNN». Es opcional —no todo trabajo repite un tropiezo— pero sin ella la matriz de eventos no puede contar esta tarea, y lo que no se cuenta no se corrige.
  ! FDGE-R43       PT-106: grafo SUSPECT — 7 de 19 archivos que describe han cambiado desde 2026-08-26 — docs/methodology/tools/audit.mjs, docs/methodology/tools/patrones.mjs, docs/methodology/tools/regla.mjs, docs/methodology/tools/selftest.sh, docs/methodology/tools/tracker.mjs, docs/methodology/tools/verify-fdge.mjs …. No bloquea; sellar sí lo exige al día (SUITE-R57).
  ! LEX-R31        PT-106: su entrada de HISTORY.log no declara «Clase de evento: CE-NNN». Es opcional —no todo trabajo repite un tropiezo— pero sin ella la matriz de eventos no puede contar esta tarea, y lo que no se cuenta no se corrige.
  ! FDGE-R43       PT-107: grafo SUSPECT — 7 de 19 archivos que describe han cambiado desde 2026-08-26 — docs/methodology/tools/audit.mjs, docs/methodology/tools/patrones.mjs, docs/methodology/tools/regla.mjs, docs/methodology/tools/selftest.sh, docs/methodology/tools/tracker.mjs, docs/methodology/tools/verify-fdge.mjs …. No bloquea; sellar sí lo exige al día (SUITE-R57).
  ! LEX-R31        PT-107: su entrada de HISTORY.log no declara «Clase de evento: CE-NNN». Es opcional —no todo trabajo repite un tropiezo— pero sin ella la matriz de eventos no puede contar esta tarea, y lo que no se cuenta no se corrige.
  ! FDGE-R43       PT-108: grafo SUSPECT — 7 de 19 archivos que describe han cambiado desde 2026-08-26 — docs/methodology/tools/audit.mjs, docs/methodology/tools/patrones.mjs, docs/methodology/tools/regla.mjs, docs/methodology/tools/selftest.sh, docs/methodology/tools/tracker.mjs, docs/methodology/tools/verify-fdge.mjs …. No bloquea; sellar sí lo exige al día (SUITE-R57).
  ! LEX-R31        PT-108: su entrada de HISTORY.log no declara «Clase de evento: CE-NNN». Es opcional —no todo trabajo repite un tropiezo— pero sin ella la matriz de eventos no puede contar esta tarea, y lo que no se cuenta no se corrige.
  ! FDGE-R43       PT-109: grafo SUSPECT — 7 de 19 archivos que describe han cambiado desde 2026-08-26 — docs/methodology/tools/audit.mjs, docs/methodology/tools/patrones.mjs, docs/methodology/tools/regla.mjs, docs/methodology/tools/selftest.sh, docs/methodology/tools/tracker.mjs, docs/methodology/tools/verify-fdge.mjs …. No bloquea; sellar sí lo exige al día (SUITE-R57).
  ! LEX-R31        PT-109: su entrada de HISTORY.log no declara «Clase de evento: CE-NNN». Es opcional —no todo trabajo repite un tropiezo— pero sin ella la matriz de eventos no puede contar esta tarea, y lo que no se cuenta no se corrige.
  ! FDGE-R43       PT-110: grafo SUSPECT — 7 de 19 archivos que describe han cambiado desde 2026-08-26 — docs/methodology/tools/audit.mjs, docs/methodology/tools/patrones.mjs, docs/methodology/tools/regla.mjs, docs/methodology/tools/selftest.sh, docs/methodology/tools/tracker.mjs, docs/methodology/tools/verify-fdge.mjs …. No bloquea; sellar sí lo exige al día (SUITE-R57).
  ! LEX-R31        PT-110: su entrada de HISTORY.log no declara «Clase de evento: CE-NNN». Es opcional —no todo trabajo repite un tropiezo— pero sin ella la matriz de eventos no puede contar esta tarea, y lo que no se cuenta no se corrige.
  ! FDGE-R43       PT-111: grafo SUSPECT — 7 de 19 archivos que describe han cambiado desde 2026-08-26 — docs/methodology/tools/audit.mjs, docs/methodology/tools/patrones.mjs, docs/methodology/tools/regla.mjs, docs/methodology/tools/selftest.sh, docs/methodology/tools/tracker.mjs, docs/methodology/tools/verify-fdge.mjs …. No bloquea; sellar sí lo exige al día (SUITE-R57).
  ! LEX-R31        PT-111: su entrada de HISTORY.log no declara «Clase de evento: CE-NNN». Es opcional —no todo trabajo repite un tropiezo— pero sin ella la matriz de eventos no puede contar esta tarea, y lo que no se cuenta no se corrige.
  ! FDGE-R43       PT-112: grafo SUSPECT — 7 de 19 archivos que describe han cambiado desde 2026-08-26 — docs/methodology/tools/audit.mjs, docs/methodology/tools/patrones.mjs, docs/methodology/tools/regla.mjs, docs/methodology/tools/selftest.sh, docs/methodology/tools/tracker.mjs, docs/methodology/tools/verify-fdge.mjs …. No bloquea; sellar sí lo exige al día (SUITE-R57).
  ! LEX-R31        PT-112: su entrada de HISTORY.log no declara «Clase de evento: CE-NNN». Es opcional —no todo trabajo repite un tropiezo— pero sin ella la matriz de eventos no puede contar esta tarea, y lo que no se cuenta no se corrige.
  ! FDGE-R43       PT-113: grafo SUSPECT — 7 de 19 archivos que describe han cambiado desde 2026-08-26 — docs/methodology/tools/audit.mjs, docs/methodology/tools/patrones.mjs, docs/methodology/tools/regla.mjs, docs/methodology/tools/selftest.sh, docs/methodology/tools/tracker.mjs, docs/methodology/tools/verify-fdge.mjs …. No bloquea; sellar sí lo exige al día (SUITE-R57).
  ! FDGE-R23       PT-113: AC-06 marcado verified:false.
  ! LEX-R31        PT-113: su entrada de HISTORY.log no declara «Clase de evento: CE-NNN». Es opcional —no todo trabajo repite un tropiezo— pero sin ella la matriz de eventos no puede contar esta tarea, y lo que no se cuenta no se corrige.
  ! FDGE-R43       PT-114: grafo SUSPECT — 7 de 19 archivos que describe han cambiado desde 2026-08-26 — docs/methodology/tools/audit.mjs, docs/methodology/tools/patrones.mjs, docs/methodology/tools/regla.mjs, docs/methodology/tools/selftest.sh, docs/methodology/tools/tracker.mjs, docs/methodology/tools/verify-fdge.mjs …. No bloquea; sellar sí lo exige al día (SUITE-R57).
  ! LEX-R31        PT-114: su entrada de HISTORY.log no declara «Clase de evento: CE-NNN». Es opcional —no todo trabajo repite un tropiezo— pero sin ella la matriz de eventos no puede contar esta tarea, y lo que no se cuenta no se corrige.
  ! FDGE-R43       PT-115: grafo SUSPECT — 7 de 19 archivos que describe han cambiado desde 2026-08-26 — docs/methodology/tools/audit.mjs, docs/methodology/tools/patrones.mjs, docs/methodology/tools/regla.mjs, docs/methodology/tools/selftest.sh, docs/methodology/tools/tracker.mjs, docs/methodology/tools/verify-fdge.mjs …. No bloquea; sellar sí lo exige al día (SUITE-R57).
  ! LEX-R31        PT-115: su entrada de HISTORY.log no declara «Clase de evento: CE-NNN». Es opcional —no todo trabajo repite un tropiezo— pero sin ella la matriz de eventos no puede contar esta tarea, y lo que no se cuenta no se corrige.
  ! FDGE-R43       PT-116: grafo SUSPECT — 7 de 19 archivos que describe han cambiado desde 2026-08-26 — docs/methodology/tools/audit.mjs, docs/methodology/tools/patrones.mjs, docs/methodology/tools/regla.mjs, docs/methodology/tools/selftest.sh, docs/methodology/tools/tracker.mjs, docs/methodology/tools/verify-fdge.mjs …. No bloquea; sellar sí lo exige al día (SUITE-R57).
  ! LEX-R31        PT-116: su entrada de HISTORY.log no declara «Clase de evento: CE-NNN». Es opcional —no todo trabajo repite un tropiezo— pero sin ella la matriz de eventos no puede contar esta tarea, y lo que no se cuenta no se corrige.
  ! FDGE-R43       PT-117: grafo SUSPECT — 7 de 19 archivos que describe han cambiado desde 2026-08-26 — docs/methodology/tools/audit.mjs, docs/methodology/tools/patrones.mjs, docs/methodology/tools/regla.mjs, docs/methodology/tools/selftest.sh, docs/methodology/tools/tracker.mjs, docs/methodology/tools/verify-fdge.mjs …. No bloquea; sellar sí lo exige al día (SUITE-R57).
  ! LEX-R31        PT-117: su entrada de HISTORY.log no declara «Clase de evento: CE-NNN». Es opcional —no todo trabajo repite un tropiezo— pero sin ella la matriz de eventos no puede contar esta tarea, y lo que no se cuenta no se corrige.
  ! FDGE-R43       PT-118: grafo SUSPECT — 7 de 19 archivos que describe han cambiado desde 2026-08-26 — docs/methodology/tools/audit.mjs, docs/methodology/tools/patrones.mjs, docs/methodology/tools/regla.mjs, docs/methodology/tools/selftest.sh, docs/methodology/tools/tracker.mjs, docs/methodology/tools/verify-fdge.mjs …. No bloquea; sellar sí lo exige al día (SUITE-R57).
  ! FDGE-R43       PT-119: grafo SUSPECT — 7 de 19 archivos que describe han cambiado desde 2026-08-26 — docs/methodology/tools/audit.mjs, docs/methodology/tools/patrones.mjs, docs/methodology/tools/regla.mjs, docs/methodology/tools/selftest.sh, docs/methodology/tools/tracker.mjs, docs/methodology/tools/verify-fdge.mjs …. No bloquea; sellar sí lo exige al día (SUITE-R57).
  ! FDGE-R43       PT-120: grafo SUSPECT — 7 de 19 archivos que describe han cambiado desde 2026-08-26 — docs/methodology/tools/audit.mjs, docs/methodology/tools/patrones.mjs, docs/methodology/tools/regla.mjs, docs/methodology/tools/selftest.sh, docs/methodology/tools/tracker.mjs, docs/methodology/tools/verify-fdge.mjs …. No bloquea; sellar sí lo exige al día (SUITE-R57).
  ! LEX-R31        PT-120: su entrada de HISTORY.log no declara «Clase de evento: CE-NNN». Es opcional —no todo trabajo repite un tropiezo— pero sin ella la matriz de eventos no puede contar esta tarea, y lo que no se cuenta no se corrige.
  ! SUITE-R44      PT-120: 1 fila(s) de changes/PT-120-publicar-no-ejecuta-sellar/out-of-scope.md no declaran su destino con el vocabulario cerrado. O es «—» —no aplaza— o cita un identificador que lo sostiene: un hermano del lote, o una allocation DEFERRED cuyo «origin» mencione PT-120. Sin eso, aplazar es narrar. «**`AC-04`** — «`sellar` deja de derivar el t» cita PT-134, que fue retomada pero su «origin» no menciona PT-120: la cita no es recíproca
  ! FDGE-R43       PT-121: grafo SUSPECT — 7 de 19 archivos que describe han cambiado desde 2026-08-26 — docs/methodology/tools/audit.mjs, docs/methodology/tools/patrones.mjs, docs/methodology/tools/regla.mjs, docs/methodology/tools/selftest.sh, docs/methodology/tools/tracker.mjs, docs/methodology/tools/verify-fdge.mjs …. No bloquea; sellar sí lo exige al día (SUITE-R57).
  ! SUITE-R44      PT-121: 1 fila(s) de changes/PT-121-el-viaje-de-vuelta-tras-el-merge/out-of-scope.md no declaran su destino con el vocabulario cerrado. O es «—» —no aplaza— o cita un identificador que lo sostiene: un hermano del lote, o una allocation DEFERRED cuyo «origin» mencione PT-121. Sin eso, aplazar es narrar. «Responder si el trabajo **de lote** puede ci» → «`FPGE` · pregunta abierta» no cita a nadie
  ! FDGE-R43       PT-122: grafo SUSPECT — 7 de 19 archivos que describe han cambiado desde 2026-08-26 — docs/methodology/tools/audit.mjs, docs/methodology/tools/patrones.mjs, docs/methodology/tools/regla.mjs, docs/methodology/tools/selftest.sh, docs/methodology/tools/tracker.mjs, docs/methodology/tools/verify-fdge.mjs …. No bloquea; sellar sí lo exige al día (SUITE-R57).
  ! FDGE-R43       PT-123: grafo SUSPECT — 7 de 19 archivos que describe han cambiado desde 2026-08-26 — docs/methodology/tools/audit.mjs, docs/methodology/tools/patrones.mjs, docs/methodology/tools/regla.mjs, docs/methodology/tools/selftest.sh, docs/methodology/tools/tracker.mjs, docs/methodology/tools/verify-fdge.mjs …. No bloquea; sellar sí lo exige al día (SUITE-R57).
  ! LEX-R31        PT-123: su entrada de HISTORY.log no declara «Clase de evento: CE-NNN». Es opcional —no todo trabajo repite un tropiezo— pero sin ella la matriz de eventos no puede contar esta tarea, y lo que no se cuenta no se corrige.
  ! FDGE-R43       PT-124: grafo SUSPECT — 7 de 19 archivos que describe han cambiado desde 2026-08-26 — docs/methodology/tools/audit.mjs, docs/methodology/tools/patrones.mjs, docs/methodology/tools/regla.mjs, docs/methodology/tools/selftest.sh, docs/methodology/tools/tracker.mjs, docs/methodology/tools/verify-fdge.mjs …. No bloquea; sellar sí lo exige al día (SUITE-R57).
  ! LEX-R31        PT-124: su entrada de HISTORY.log no declara «Clase de evento: CE-NNN». Es opcional —no todo trabajo repite un tropiezo— pero sin ella la matriz de eventos no puede contar esta tarea, y lo que no se cuenta no se corrige.
  ! FDGE-R43       PT-125: grafo SUSPECT — 7 de 19 archivos que describe han cambiado desde 2026-08-26 — docs/methodology/tools/audit.mjs, docs/methodology/tools/patrones.mjs, docs/methodology/tools/regla.mjs, docs/methodology/tools/selftest.sh, docs/methodology/tools/tracker.mjs, docs/methodology/tools/verify-fdge.mjs …. No bloquea; sellar sí lo exige al día (SUITE-R57).
  ! LEX-R31        PT-125: su entrada de HISTORY.log no declara «Clase de evento: CE-NNN». Es opcional —no todo trabajo repite un tropiezo— pero sin ella la matriz de eventos no puede contar esta tarea, y lo que no se cuenta no se corrige.
  ! FDGE-R43       PT-126: grafo SUSPECT — 7 de 19 archivos que describe han cambiado desde 2026-08-26 — docs/methodology/tools/audit.mjs, docs/methodology/tools/patrones.mjs, docs/methodology/tools/regla.mjs, docs/methodology/tools/selftest.sh, docs/methodology/tools/tracker.mjs, docs/methodology/tools/verify-fdge.mjs …. No bloquea; sellar sí lo exige al día (SUITE-R57).
  ! SUITE-R44      PT-126: 2 fila(s) de changes/PT-126-la-matriz-no-envejece/out-of-scope.md no declaran su destino con el vocabulario cerrado. O es «—» —no aplaza— o cita un identificador que lo sostiene: un hermano del lote, o una allocation DEFERRED cuyo «origin» mencione PT-126. Sin eso, aplazar es narrar. «Dar dueño a las seis clases huérfanas» → «`FPGE` · decide el firmante» no cita a nadie · «Que `SUITE-R59` pueda fallar» → «`FPGE` · candidato publicado» no cita a nadie
  ! FDGE-R43       PT-127: grafo SUSPECT — 7 de 19 archivos que describe han cambiado desde 2026-08-26 — docs/methodology/tools/audit.mjs, docs/methodology/tools/patrones.mjs, docs/methodology/tools/regla.mjs, docs/methodology/tools/selftest.sh, docs/methodology/tools/tracker.mjs, docs/methodology/tools/verify-fdge.mjs …. No bloquea; sellar sí lo exige al día (SUITE-R57).
  ! LEX-R31        PT-127: su entrada de HISTORY.log no declara «Clase de evento: CE-NNN». Es opcional —no todo trabajo repite un tropiezo— pero sin ella la matriz de eventos no puede contar esta tarea, y lo que no se cuenta no se corrige.
  ! FDGE-R43       PT-128: grafo SUSPECT — 7 de 19 archivos que describe han cambiado desde 2026-08-26 — docs/methodology/tools/audit.mjs, docs/methodology/tools/patrones.mjs, docs/methodology/tools/regla.mjs, docs/methodology/tools/selftest.sh, docs/methodology/tools/tracker.mjs, docs/methodology/tools/verify-fdge.mjs …. No bloquea; sellar sí lo exige al día (SUITE-R57).
  ! LEX-R31        PT-128: su entrada de HISTORY.log no declara «Clase de evento: CE-NNN». Es opcional —no todo trabajo repite un tropiezo— pero sin ella la matriz de eventos no puede contar esta tarea, y lo que no se cuenta no se corrige.
  ! FDGE-R43       PT-129: grafo SUSPECT — 7 de 19 archivos que describe han cambiado desde 2026-08-26 — docs/methodology/tools/audit.mjs, docs/methodology/tools/patrones.mjs, docs/methodology/tools/regla.mjs, docs/methodology/tools/selftest.sh, docs/methodology/tools/tracker.mjs, docs/methodology/tools/verify-fdge.mjs …. No bloquea; sellar sí lo exige al día (SUITE-R57).
  ! LEX-R31        PT-129: su entrada de HISTORY.log no declara «Clase de evento: CE-NNN». Es opcional —no todo trabajo repite un tropiezo— pero sin ella la matriz de eventos no puede contar esta tarea, y lo que no se cuenta no se corrige.
  ! FDGE-R43       PT-130: grafo SUSPECT — 7 de 19 archivos que describe han cambiado desde 2026-08-26 — docs/methodology/tools/audit.mjs, docs/methodology/tools/patrones.mjs, docs/methodology/tools/regla.mjs, docs/methodology/tools/selftest.sh, docs/methodology/tools/tracker.mjs, docs/methodology/tools/verify-fdge.mjs …. No bloquea; sellar sí lo exige al día (SUITE-R57).
  ! SUITE-R44      PT-130: 2 fila(s) de changes/PT-130-la-comprobacion-acusa-a-quien-la-documenta/out-of-scope.md no declaran su destino con el vocabulario cerrado. O es «—» —no aplaza— o cita un identificador que lo sostiene: un hermano del lote, o una allocation DEFERRED cuyo «origin» mencione PT-130. Sin eso, aplazar es narrar. «Arreglar las **once** lecturas de alcance am» → «`FPGE` · candidatos, vía `MATRIZ.m» no cita a nadie · «Responder si el trabajo **de lote** puede ci» → «`FPGE` · queda declarada» no cita a nadie
  ! FDGE-R43       PT-131: grafo SUSPECT — 7 de 19 archivos que describe han cambiado desde 2026-08-26 — docs/methodology/tools/audit.mjs, docs/methodology/tools/patrones.mjs, docs/methodology/tools/regla.mjs, docs/methodology/tools/selftest.sh, docs/methodology/tools/tracker.mjs, docs/methodology/tools/verify-fdge.mjs …. No bloquea; sellar sí lo exige al día (SUITE-R57).
  ! LEX-R31        PT-131: su entrada de HISTORY.log no declara «Clase de evento: CE-NNN». Es opcional —no todo trabajo repite un tropiezo— pero sin ella la matriz de eventos no puede contar esta tarea, y lo que no se cuenta no se corrige.
  ! FDGE-R43       PT-132: grafo SUSPECT — 7 de 19 archivos que describe han cambiado desde 2026-08-26 — docs/methodology/tools/audit.mjs, docs/methodology/tools/patrones.mjs, docs/methodology/tools/regla.mjs, docs/methodology/tools/selftest.sh, docs/methodology/tools/tracker.mjs, docs/methodology/tools/verify-fdge.mjs …. No bloquea; sellar sí lo exige al día (SUITE-R57).
  ! LEX-R31        PT-132: su entrada de HISTORY.log no declara «Clase de evento: CE-NNN». Es opcional —no todo trabajo repite un tropiezo— pero sin ella la matriz de eventos no puede contar esta tarea, y lo que no se cuenta no se corrige.
  ! FDGE-R43       PT-133: grafo SUSPECT — 7 de 19 archivos que describe han cambiado desde 2026-08-26 — docs/methodology/tools/audit.mjs, docs/methodology/tools/patrones.mjs, docs/methodology/tools/regla.mjs, docs/methodology/tools/selftest.sh, docs/methodology/tools/tracker.mjs, docs/methodology/tools/verify-fdge.mjs …. No bloquea; sellar sí lo exige al día (SUITE-R57).
  ! LEX-R31        PT-133: su entrada de HISTORY.log no declara «Clase de evento: CE-NNN». Es opcional —no todo trabajo repite un tropiezo— pero sin ella la matriz de eventos no puede contar esta tarea, y lo que no se cuenta no se corrige.
  ! SUITE-R44      PT-133: 3 fila(s) de changes/PT-133-parada-exige-plataforma-que-no-necesita/out-of-scope.md no declaran su destino con el vocabulario cerrado. O es «—» —no aplaza— o cita un identificador que lo sostiene: un hermano del lote, o una allocation DEFERRED cuyo «origin» mencione PT-133. Sin eso, aplazar es narrar. «Revisar las demás acciones de `SIN_PLATAFORM» → «hallazgo propio si aparece» no cita a nadie · «Reescribir el `manifest.json` de `PT-116`» → «`HISTORY.log`» no cita a nadie · «Un verificador que cace «rama escrita pero i» → «declarado, sin número» no cita a nadie
  ! FDGE-R43       PT-134: grafo SUSPECT — 7 de 19 archivos que describe han cambiado desde 2026-08-26 — docs/methodology/tools/audit.mjs, docs/methodology/tools/patrones.mjs, docs/methodology/tools/regla.mjs, docs/methodology/tools/selftest.sh, docs/methodology/tools/tracker.mjs, docs/methodology/tools/verify-fdge.mjs …. No bloquea; sellar sí lo exige al día (SUITE-R57).
  ! FDGE-R43       PT-135: grafo SUSPECT — 7 de 19 archivos que describe han cambiado desde 2026-08-26 — docs/methodology/tools/audit.mjs, docs/methodology/tools/patrones.mjs, docs/methodology/tools/regla.mjs, docs/methodology/tools/selftest.sh, docs/methodology/tools/tracker.mjs, docs/methodology/tools/verify-fdge.mjs …. No bloquea; sellar sí lo exige al día (SUITE-R57).
  ! SUITE-R44      PT-135: 2 fila(s) de changes/PT-135-el-lint-de-helpers-no-ve-los-de-montaje/out-of-scope.md no declaran su destino con el vocabulario cerrado. O es «—» —no aplaza— o cita un identificador que lo sostiene: un hermano del lote, o una allocation DEFERRED cuyo «origin» mencione PT-135. Sin eso, aplazar es narrar. «Arreglar las once lecturas de alcance amplio» → «`FPGE` · candidatos» no cita a nadie · «Dar regla a `CE-004`» → «`FPGE` · candidato publicado por `» no cita a nadie
  ! FDGE-R43       PT-136: grafo SUSPECT — 7 de 19 archivos que describe han cambiado desde 2026-08-26 — docs/methodology/tools/audit.mjs, docs/methodology/tools/patrones.mjs, docs/methodology/tools/regla.mjs, docs/methodology/tools/selftest.sh, docs/methodology/tools/tracker.mjs, docs/methodology/tools/verify-fdge.mjs …. No bloquea; sellar sí lo exige al día (SUITE-R57).
  ! FDGE-R43       PT-137: grafo SUSPECT — 7 de 19 archivos que describe han cambiado desde 2026-08-26 — docs/methodology/tools/audit.mjs, docs/methodology/tools/patrones.mjs, docs/methodology/tools/regla.mjs, docs/methodology/tools/selftest.sh, docs/methodology/tools/tracker.mjs, docs/methodology/tools/verify-fdge.mjs …. No bloquea; sellar sí lo exige al día (SUITE-R57).
  ! FDGE-R43       PT-138: grafo SUSPECT — 7 de 19 archivos que describe han cambiado desde 2026-08-26 — docs/methodology/tools/audit.mjs, docs/methodology/tools/patrones.mjs, docs/methodology/tools/regla.mjs, docs/methodology/tools/selftest.sh, docs/methodology/tools/tracker.mjs, docs/methodology/tools/verify-fdge.mjs …. No bloquea; sellar sí lo exige al día (SUITE-R57).
  ! FDGE-R43       PT-139: grafo SUSPECT — 7 de 19 archivos que describe han cambiado desde 2026-08-26 — docs/methodology/tools/audit.mjs, docs/methodology/tools/patrones.mjs, docs/methodology/tools/regla.mjs, docs/methodology/tools/selftest.sh, docs/methodology/tools/tracker.mjs, docs/methodology/tools/verify-fdge.mjs …. No bloquea; sellar sí lo exige al día (SUITE-R57).
  ! FDGE-R43       PT-140: grafo SUSPECT — 7 de 19 archivos que describe han cambiado desde 2026-08-26 — docs/methodology/tools/audit.mjs, docs/methodology/tools/patrones.mjs, docs/methodology/tools/regla.mjs, docs/methodology/tools/selftest.sh, docs/methodology/tools/tracker.mjs, docs/methodology/tools/verify-fdge.mjs …. No bloquea; sellar sí lo exige al día (SUITE-R57).
  ! FDGE-R43       PT-141: grafo SUSPECT — 7 de 19 archivos que describe han cambiado desde 2026-08-26 — docs/methodology/tools/audit.mjs, docs/methodology/tools/patrones.mjs, docs/methodology/tools/regla.mjs, docs/methodology/tools/selftest.sh, docs/methodology/tools/tracker.mjs, docs/methodology/tools/verify-fdge.mjs …. No bloquea; sellar sí lo exige al día (SUITE-R57).
  ! FDGE-R43       PT-142: grafo SUSPECT — 7 de 19 archivos que describe han cambiado desde 2026-08-26 — docs/methodology/tools/audit.mjs, docs/methodology/tools/patrones.mjs, docs/methodology/tools/regla.mjs, docs/methodology/tools/selftest.sh, docs/methodology/tools/tracker.mjs, docs/methodology/tools/verify-fdge.mjs …. No bloquea; sellar sí lo exige al día (SUITE-R57).
  ! FDGE-R43       PT-143: grafo SUSPECT — 7 de 19 archivos que describe han cambiado desde 2026-08-26 — docs/methodology/tools/audit.mjs, docs/methodology/tools/patrones.mjs, docs/methodology/tools/regla.mjs, docs/methodology/tools/selftest.sh, docs/methodology/tools/tracker.mjs, docs/methodology/tools/verify-fdge.mjs …. No bloquea; sellar sí lo exige al día (SUITE-R57).
  ! FDGE-R43       PT-144: grafo SUSPECT — 7 de 19 archivos que describe han cambiado desde 2026-08-26 — docs/methodology/tools/audit.mjs, docs/methodology/tools/patrones.mjs, docs/methodology/tools/regla.mjs, docs/methodology/tools/selftest.sh, docs/methodology/tools/tracker.mjs, docs/methodology/tools/verify-fdge.mjs …. No bloquea; sellar sí lo exige al día (SUITE-R57).
  ! LEX-R31        PT-144: su entrada de HISTORY.log no declara «Clase de evento: CE-NNN». Es opcional —no todo trabajo repite un tropiezo— pero sin ella la matriz de eventos no puede contar esta tarea, y lo que no se cuenta no se corrige.
  ! SUITE-R35      PT-144: «estado» divergente — el registro dice «INTEGRATED» y su línea de índice en REFACTOR_SCOPE.md dice «DRAFT». El índice ESPEJA el registro (SUITE-R35); el registro asigna. · AVISO AHORA, ERROR EN G4.
  ! FDGE-R43       PT-145: grafo SUSPECT — 7 de 19 archivos que describe han cambiado desde 2026-08-26 — docs/methodology/tools/audit.mjs, docs/methodology/tools/patrones.mjs, docs/methodology/tools/regla.mjs, docs/methodology/tools/selftest.sh, docs/methodology/tools/tracker.mjs, docs/methodology/tools/verify-fdge.mjs …. No bloquea; sellar sí lo exige al día (SUITE-R57).
  ! LEX-R31        PT-145: su entrada de HISTORY.log no declara «Clase de evento: CE-NNN». Es opcional —no todo trabajo repite un tropiezo— pero sin ella la matriz de eventos no puede contar esta tarea, y lo que no se cuenta no se corrige.
  ! SUITE-R35      PT-145: «estado» divergente — el registro dice «INTEGRATED» y su línea de índice en REFACTOR_SCOPE.md dice «DRAFT». El índice ESPEJA el registro (SUITE-R35); el registro asigna. · AVISO AHORA, ERROR EN G4.
  ! FDGE-R43       PT-146: grafo SUSPECT — 7 de 19 archivos que describe han cambiado desde 2026-08-26 — docs/methodology/tools/audit.mjs, docs/methodology/tools/patrones.mjs, docs/methodology/tools/regla.mjs, docs/methodology/tools/selftest.sh, docs/methodology/tools/tracker.mjs, docs/methodology/tools/verify-fdge.mjs …. No bloquea; sellar sí lo exige al día (SUITE-R57).
  ! LEX-R31        PT-146: su entrada de HISTORY.log no declara «Clase de evento: CE-NNN». Es opcional —no todo trabajo repite un tropiezo— pero sin ella la matriz de eventos no puede contar esta tarea, y lo que no se cuenta no se corrige.
  ! SUITE-R35      PT-146: «estado» divergente — el registro dice «INTEGRATED» y su línea de índice en REFACTOR_SCOPE.md dice «DRAFT». El índice ESPEJA el registro (SUITE-R35); el registro asigna. · AVISO AHORA, ERROR EN G4.
  ! FDGE-R43       PT-147: grafo SUSPECT — 7 de 19 archivos que describe han cambiado desde 2026-08-26 — docs/methodology/tools/audit.mjs, docs/methodology/tools/patrones.mjs, docs/methodology/tools/regla.mjs, docs/methodology/tools/selftest.sh, docs/methodology/tools/tracker.mjs, docs/methodology/tools/verify-fdge.mjs …. No bloquea; sellar sí lo exige al día (SUITE-R57).
  ! LEX-R31        PT-147: su entrada de HISTORY.log no declara «Clase de evento: CE-NNN». Es opcional —no todo trabajo repite un tropiezo— pero sin ella la matriz de eventos no puede contar esta tarea, y lo que no se cuenta no se corrige.
  ! SUITE-R35      PT-147: «estado» divergente — el registro dice «INTEGRATED» y su línea de índice en REFACTOR_SCOPE.md dice «DRAFT». El índice ESPEJA el registro (SUITE-R35); el registro asigna. · AVISO AHORA, ERROR EN G4.
  ! FDGE-R43       PT-148: grafo SUSPECT — 7 de 19 archivos que describe han cambiado desde 2026-08-26 — docs/methodology/tools/audit.mjs, docs/methodology/tools/patrones.mjs, docs/methodology/tools/regla.mjs, docs/methodology/tools/selftest.sh, docs/methodology/tools/tracker.mjs, docs/methodology/tools/verify-fdge.mjs …. No bloquea; sellar sí lo exige al día (SUITE-R57).
  ! LEX-R31        PT-148: su entrada de HISTORY.log no declara «Clase de evento: CE-NNN». Es opcional —no todo trabajo repite un tropiezo— pero sin ella la matriz de eventos no puede contar esta tarea, y lo que no se cuenta no se corrige.
  ! SUITE-R35      PT-148: «estado» divergente — el registro dice «INTEGRATED» y su línea de índice en REFACTOR_SCOPE.md dice «DRAFT». El índice ESPEJA el registro (SUITE-R35); el registro asigna. · AVISO AHORA, ERROR EN G4.
  ! FDGE-R43       PT-149: grafo SUSPECT — 7 de 19 archivos que describe han cambiado desde 2026-08-26 — docs/methodology/tools/audit.mjs, docs/methodology/tools/patrones.mjs, docs/methodology/tools/regla.mjs, docs/methodology/tools/selftest.sh, docs/methodology/tools/tracker.mjs, docs/methodology/tools/verify-fdge.mjs …. No bloquea; sellar sí lo exige al día (SUITE-R57).
  ! LEX-R31        PT-149: su entrada de HISTORY.log no declara «Clase de evento: CE-NNN». Es opcional —no todo trabajo repite un tropiezo— pero sin ella la matriz de eventos no puede contar esta tarea, y lo que no se cuenta no se corrige.
  ! SUITE-R35      PT-149: «estado» divergente — el registro dice «INTEGRATED» y su línea de índice en REFACTOR_SCOPE.md dice «DRAFT». El índice ESPEJA el registro (SUITE-R35); el registro asigna. · AVISO AHORA, ERROR EN G4.
  ! FDGE-R43       PT-150: grafo SUSPECT — 7 de 19 archivos que describe han cambiado desde 2026-08-26 — docs/methodology/tools/audit.mjs, docs/methodology/tools/patrones.mjs, docs/methodology/tools/regla.mjs, docs/methodology/tools/selftest.sh, docs/methodology/tools/tracker.mjs, docs/methodology/tools/verify-fdge.mjs …. No bloquea; sellar sí lo exige al día (SUITE-R57).
  ! LEX-R31        PT-150: su entrada de HISTORY.log no declara «Clase de evento: CE-NNN». Es opcional —no todo trabajo repite un tropiezo— pero sin ella la matriz de eventos no puede contar esta tarea, y lo que no se cuenta no se corrige.
  ! SUITE-R35      PT-150: «estado» divergente — el registro dice «INTEGRATED» y su línea de índice en DISCOVERY.md dice «DRAFT». El índice ESPEJA el registro (SUITE-R35); el registro asigna. · AVISO AHORA, ERROR EN G4.
  ! SUITE-R35      PT-151: «status» divergente — el registro dice «VALIDATION_PENDING» y su intake dice «DEFERRED». Se usa el del intake (PT-004: es lo que el PT dice de sí mismo), y por eso se dice: un YAML que se queda atrás apaga comprobaciones sin que nada avise. · AVISO AHORA, ERROR EN G4.
  ! FDGE-R19       PT-151: está en PHASE 8 y no declara rama. PHASE 5 crea «<type>/PT-NNN-slug» desde la rama de integración y la declara en REGISTRY.allocations[].branch (FDGE-R19). El PR de la tarea es revisión, no G4. · AVISO AHORA, ERROR EN G4.
  ! FDGE-R43       PT-151: grafo SUSPECT — 7 de 19 archivos que describe han cambiado desde 2026-08-26 — docs/methodology/tools/audit.mjs, docs/methodology/tools/patrones.mjs, docs/methodology/tools/regla.mjs, docs/methodology/tools/selftest.sh, docs/methodology/tools/tracker.mjs, docs/methodology/tools/verify-fdge.mjs …. No bloquea; sellar sí lo exige al día (SUITE-R57).
  ! LEX-R31        PT-151: su entrada de HISTORY.log no declara «Clase de evento: CE-NNN». Es opcional —no todo trabajo repite un tropiezo— pero sin ella la matriz de eventos no puede contar esta tarea, y lo que no se cuenta no se corrige.
  ! SUITE-R35      PT-151: «estado» divergente — el registro dice «VALIDATION_PENDING» y su línea de índice en REFACTOR_SCOPE.md dice «DRAFT». El índice ESPEJA el registro (SUITE-R35); el registro asigna. · AVISO AHORA, ERROR EN G4.
  ! SUITE-R35      PT-155: «phase» divergente — el registro dice «5» y su intake dice «1». Se usa el del intake (PT-004: es lo que el PT dice de sí mismo), y por eso se dice: un YAML que se queda atrás apaga comprobaciones sin que nada avise. · AVISO AHORA, ERROR EN G4.
  ! FDGE-R43       PT-155: grafo SUSPECT — 7 de 19 archivos que describe han cambiado desde 2026-08-26 — docs/methodology/tools/audit.mjs, docs/methodology/tools/patrones.mjs, docs/methodology/tools/regla.mjs, docs/methodology/tools/selftest.sh, docs/methodology/tools/tracker.mjs, docs/methodology/tools/verify-fdge.mjs …. No bloquea; sellar sí lo exige al día (SUITE-R57).
  ! FDGE-R23       PT-155: aún sin evidence/PT-155/manifest.json (normal antes de PHASE 6).
  ! FDGE-R29       PT-155: aún sin entrada en HISTORY.log (se escribe en PHASE 8).
  ! FDGE-R43       PT-156: grafo SUSPECT — 7 de 19 archivos que describe han cambiado desde 2026-08-26 — docs/methodology/tools/audit.mjs, docs/methodology/tools/patrones.mjs, docs/methodology/tools/regla.mjs, docs/methodology/tools/selftest.sh, docs/methodology/tools/tracker.mjs, docs/methodology/tools/verify-fdge.mjs …. No bloquea; sellar sí lo exige al día (SUITE-R57).
  ! LEX-R31        PT-156: su entrada de HISTORY.log no declara «Clase de evento: CE-NNN». Es opcional —no todo trabajo repite un tropiezo— pero sin ella la matriz de eventos no puede contar esta tarea, y lo que no se cuenta no se corrige.
  ! SUITE-R35      PT-156: «estado» divergente — el registro dice «INTEGRATED» y su línea de índice en REFACTOR_SCOPE.md dice «DRAFT». El índice ESPEJA el registro (SUITE-R35); el registro asigna. · AVISO AHORA, ERROR EN G4.
  ! FDGE-R54       PT-159: no consta el veredicto de viabilidad. Consultarla no basta: una compuerta cuyo resultado no se escribe no se puede auditar.  node tools/tracker.mjs viabilidad PT-159 --registrar · AVISO AHORA, ERROR EN G2.
  ! SUITE-R35      PT-159: «status» divergente — el registro dice «READY» y su intake dice «DEFERRED». Se usa el del intake (PT-004: es lo que el PT dice de sí mismo), y por eso se dice: un YAML que se queda atrás apaga comprobaciones sin que nada avise. · AVISO AHORA, ERROR EN G4.
  ! FDGE-R43       PT-159: grafo SUSPECT — 7 de 19 archivos que describe han cambiado desde 2026-08-26 — docs/methodology/tools/audit.mjs, docs/methodology/tools/patrones.mjs, docs/methodology/tools/regla.mjs, docs/methodology/tools/selftest.sh, docs/methodology/tools/tracker.mjs, docs/methodology/tools/verify-fdge.mjs …. No bloquea; sellar sí lo exige al día (SUITE-R57).
  ! FDGE-R15       PT-159: aún sin traceability.md — se escribe en PHASE 4 y el PT está en PHASE 1.
  ! FDGE-R23       PT-159: aún sin evidence/PT-159/manifest.json (normal antes de PHASE 6).
  ! FDGE-R29       PT-159: aún sin entrada en HISTORY.log (se escribe en PHASE 8).
  ! SUITE-R35      PT-160: «status» divergente — el registro dice «READY» y su intake dice «DEFERRED». Se usa el del intake (PT-004: es lo que el PT dice de sí mismo), y por eso se dice: un YAML que se queda atrás apaga comprobaciones sin que nada avise. · AVISO AHORA, ERROR EN G4.
  ! FDGE-R19       PT-160: está en PHASE 5 y no declara rama. PHASE 5 crea «<type>/PT-NNN-slug» desde la rama de integración y la declara en REGISTRY.allocations[].branch (FDGE-R19). El PR de la tarea es revisión, no G4. · AVISO AHORA, ERROR EN G4.
  ! FDGE-R43       PT-160: grafo SUSPECT — 7 de 19 archivos que describe han cambiado desde 2026-08-26 — docs/methodology/tools/audit.mjs, docs/methodology/tools/patrones.mjs, docs/methodology/tools/regla.mjs, docs/methodology/tools/selftest.sh, docs/methodology/tools/tracker.mjs, docs/methodology/tools/verify-fdge.mjs …. No bloquea; sellar sí lo exige al día (SUITE-R57).
  ! FDGE-R23       PT-160: aún sin evidence/PT-160/manifest.json (normal antes de PHASE 6).
  ! FDGE-R29       PT-160: aún sin entrada en HISTORY.log (se escribe en PHASE 8).
  ! SUITE-R35      PT-160: «estado» divergente — el registro dice «READY» y su línea de índice en REFACTOR_SCOPE.md dice «DRAFT». El índice ESPEJA el registro (SUITE-R35); el registro asigna. · AVISO AHORA, ERROR EN G4.
  ! FDGE-R54       PT-161: no consta el veredicto de viabilidad. Consultarla no basta: una compuerta cuyo resultado no se escribe no se puede auditar.  node tools/tracker.mjs viabilidad PT-161 --registrar · AVISO AHORA, ERROR EN G2.
  ! SUITE-R35      PT-161: «phase» divergente — el registro dice «5» y su intake dice «1». Se usa el del intake (PT-004: es lo que el PT dice de sí mismo), y por eso se dice: un YAML que se queda atrás apaga comprobaciones sin que nada avise. · AVISO AHORA, ERROR EN G4.
  ! FDGE-R43       PT-161: grafo SUSPECT — 7 de 19 archivos que describe han cambiado desde 2026-08-26 — docs/methodology/tools/audit.mjs, docs/methodology/tools/patrones.mjs, docs/methodology/tools/regla.mjs, docs/methodology/tools/selftest.sh, docs/methodology/tools/tracker.mjs, docs/methodology/tools/verify-fdge.mjs …. No bloquea; sellar sí lo exige al día (SUITE-R57).
  ! FDGE-R23       PT-161: aún sin evidence/PT-161/manifest.json (normal antes de PHASE 6).
  ! FDGE-R29       PT-161: aún sin entrada en HISTORY.log (se escribe en PHASE 8).
  ! FDGE-R19       PT-163: está en PHASE 5 y no declara rama. PHASE 5 crea «<type>/PT-NNN-slug» desde la rama de integración y la declara en REGISTRY.allocations[].branch (FDGE-R19). El PR de la tarea es revisión, no G4. · AVISO AHORA, ERROR EN G4.
  ! FDGE-R43       PT-163: grafo SUSPECT — 7 de 19 archivos que describe han cambiado desde 2026-08-26 — docs/methodology/tools/audit.mjs, docs/methodology/tools/patrones.mjs, docs/methodology/tools/regla.mjs, docs/methodology/tools/selftest.sh, docs/methodology/tools/tracker.mjs, docs/methodology/tools/verify-fdge.mjs …. No bloquea; sellar sí lo exige al día (SUITE-R57).
  ! FDGE-R23       PT-163: aún sin evidence/PT-163/manifest.json (normal antes de PHASE 6).
  ! FDGE-R29       PT-163: aún sin entrada en HISTORY.log (se escribe en PHASE 8).
  ! FDGE-R19       PT-164: está en PHASE 5 y no declara rama. PHASE 5 crea «<type>/PT-NNN-slug» desde la rama de integración y la declara en REGISTRY.allocations[].branch (FDGE-R19). El PR de la tarea es revisión, no G4. · AVISO AHORA, ERROR EN G4.
  ! FDGE-R43       PT-164: grafo SUSPECT — 7 de 19 archivos que describe han cambiado desde 2026-08-26 — docs/methodology/tools/audit.mjs, docs/methodology/tools/patrones.mjs, docs/methodology/tools/regla.mjs, docs/methodology/tools/selftest.sh, docs/methodology/tools/tracker.mjs, docs/methodology/tools/verify-fdge.mjs …. No bloquea; sellar sí lo exige al día (SUITE-R57).
  ! FDGE-R23       PT-164: aún sin evidence/PT-164/manifest.json (normal antes de PHASE 6).
  ! FDGE-R29       PT-164: aún sin entrada en HISTORY.log (se escribe en PHASE 8).
  ! SUITE-R35      PT-167: «status» divergente — el registro dice «VALIDATION_PENDING» y su intake dice «DRAFT». Se usa el del intake (PT-004: es lo que el PT dice de sí mismo), y por eso se dice: un YAML que se queda atrás apaga comprobaciones sin que nada avise. · AVISO AHORA, ERROR EN G4.
  ! FDGE-R19       PT-167: está en PHASE 8 y no declara rama. PHASE 5 crea «<type>/PT-NNN-slug» desde la rama de integración y la declara en REGISTRY.allocations[].branch (FDGE-R19). El PR de la tarea es revisión, no G4. · AVISO AHORA, ERROR EN G4.
  ! FDGE-R43       PT-167: grafo SUSPECT — 7 de 19 archivos que describe han cambiado desde 2026-08-26 — docs/methodology/tools/audit.mjs, docs/methodology/tools/patrones.mjs, docs/methodology/tools/regla.mjs, docs/methodology/tools/selftest.sh, docs/methodology/tools/tracker.mjs, docs/methodology/tools/verify-fdge.mjs …. No bloquea; sellar sí lo exige al día (SUITE-R57).
  ! LEX-R31        PT-167: su entrada de HISTORY.log no declara «Clase de evento: CE-NNN». Es opcional —no todo trabajo repite un tropiezo— pero sin ella la matriz de eventos no puede contar esta tarea, y lo que no se cuenta no se corrige.
  ! SUITE-R35      PT-167: «estado» divergente — el registro dice «VALIDATION_PENDING» y su línea de índice en REFACTOR_SCOPE.md dice «DRAFT». El índice ESPEJA el registro (SUITE-R35); el registro asigna. · AVISO AHORA, ERROR EN G4.
  ! SUITE-R35      PT-168: «status» divergente — el registro dice «VALIDATION_PENDING» y su intake dice «DRAFT». Se usa el del intake (PT-004: es lo que el PT dice de sí mismo), y por eso se dice: un YAML que se queda atrás apaga comprobaciones sin que nada avise. · AVISO AHORA, ERROR EN G4.
  ! FDGE-R19       PT-168: está en PHASE 8 y no declara rama. PHASE 5 crea «<type>/PT-NNN-slug» desde la rama de integración y la declara en REGISTRY.allocations[].branch (FDGE-R19). El PR de la tarea es revisión, no G4. · AVISO AHORA, ERROR EN G4.
  ! FDGE-R43       PT-168: grafo SUSPECT — 7 de 19 archivos que describe han cambiado desde 2026-08-26 — docs/methodology/tools/audit.mjs, docs/methodology/tools/patrones.mjs, docs/methodology/tools/regla.mjs, docs/methodology/tools/selftest.sh, docs/methodology/tools/tracker.mjs, docs/methodology/tools/verify-fdge.mjs …. No bloquea; sellar sí lo exige al día (SUITE-R57).
  ! LEX-R31        PT-168: su entrada de HISTORY.log no declara «Clase de evento: CE-NNN». Es opcional —no todo trabajo repite un tropiezo— pero sin ella la matriz de eventos no puede contar esta tarea, y lo que no se cuenta no se corrige.
  ! SUITE-R35      PT-168: «estado» divergente — el registro dice «VALIDATION_PENDING» y su línea de índice en REFACTOR_SCOPE.md dice «DRAFT». El índice ESPEJA el registro (SUITE-R35); el registro asigna. · AVISO AHORA, ERROR EN G4.
  ! SUITE-R35      PT-169: «status» divergente — el registro dice «DONE» y su intake dice «DRAFT». Se usa el del intake (PT-004: es lo que el PT dice de sí mismo), y por eso se dice: un YAML que se queda atrás apaga comprobaciones sin que nada avise. · AVISO AHORA, ERROR EN G4.
  ! FDGE-R19       PT-169: está en PHASE 8 y no declara rama. PHASE 5 crea «<type>/PT-NNN-slug» desde la rama de integración y la declara en REGISTRY.allocations[].branch (FDGE-R19). El PR de la tarea es revisión, no G4. · AVISO AHORA, ERROR EN G4.
  ! FDGE-R43       PT-169: grafo SUSPECT — 7 de 19 archivos que describe han cambiado desde 2026-08-26 — docs/methodology/tools/audit.mjs, docs/methodology/tools/patrones.mjs, docs/methodology/tools/regla.mjs, docs/methodology/tools/selftest.sh, docs/methodology/tools/tracker.mjs, docs/methodology/tools/verify-fdge.mjs …. No bloquea; sellar sí lo exige al día (SUITE-R57).
  ! LEX-R31        PT-169: su entrada de HISTORY.log no declara «Clase de evento: CE-NNN». Es opcional —no todo trabajo repite un tropiezo— pero sin ella la matriz de eventos no puede contar esta tarea, y lo que no se cuenta no se corrige.
  ! SUITE-R35      PT-169: «estado» divergente — el registro dice «DONE» y su línea de índice en REFACTOR_SCOPE.md dice «DRAFT». El índice ESPEJA el registro (SUITE-R35); el registro asigna. · AVISO AHORA, ERROR EN G4.

ERRORES
  ✗ FDGE-R01       PT-152: no existe changes/PT-152-slug/. Todo trabajo entra por un Intake.
  ✗ FDGE-R01       PT-153: no existe changes/PT-153-slug/. Todo trabajo entra por un Intake.
  ✗ FDGE-R01       PT-154: no existe changes/PT-154-slug/. Todo trabajo entra por un Intake.
  ✗ FDGE-R01       PT-157: no existe changes/PT-157-slug/. Todo trabajo entra por un Intake.
  ✗ FDGE-R01       PT-158: no existe changes/PT-158-slug/. Todo trabajo entra por un Intake.
  ✗ FDGE-R31       PT-159: no aparece en ningún índice (DISCOVERY / ENRICHMENT / REFACTOR_SCOPE). FPGE no podrá verlo.
  ✗ FDGE-R54       PT-160: no consta el veredicto de viabilidad. Consultarla no basta: una compuerta cuyo resultado no se escribe no se puede auditar.  node tools/tracker.mjs viabilidad PT-160 --registrar
  ✗ FDGE-R15       PT-161: AC-03 sin escenario de test (Orphan Criterion).
  ✗ FDGE-R01       PT-162: no existe changes/PT-162-slug/. Todo trabajo entra por un Intake.
  ✗ FDGE-R54       PT-163: no consta el veredicto de viabilidad. Consultarla no basta: una compuerta cuyo resultado no se escribe no se puede auditar.  node tools/tracker.mjs viabilidad PT-163 --registrar
  ✗ FDGE-R15       PT-164: AC-05 sin escenario de test (Orphan Criterion).
  ✗ FDGE-R01       PT-165: no existe changes/PT-165-slug/. Todo trabajo entra por un Intake.
  ✗ FDGE-R01       PT-166: no existe changes/PT-166-slug/. Todo trabajo entra por un Intake.
  ✗ FDGE-R01       PT-170: no existe changes/PT-170-slug/. Todo trabajo entra por un Intake.
  ✗ FDGE-R01       PT-171: no existe changes/PT-171-slug/. Todo trabajo entra por un Intake.

15 error(es).
